Google,https://www.google.com/,715
"Google Calendar - Schedule starting Sunday, April 21, 2019",https://www.google.com/calendar?tab=wc,2806
Google,http://www.google.com/,6022
"Google Custom Search",https://www.google.com/?cx=partner-pub-7233843800519946%3A6667570044&ie=UTF-8&q=Brandi+Carlile&sa=,6264
"Google Custom Search",https://www.google.com/cse?cx=partner-pub-7233843800519946:6667570044&ie=UTF-8&q=Brandi+Carlile,6265
"Google Custom Search",https://www.google.com/?cx=partner-pub-7233843800519946%3A6667570044&ie=UTF-8&q=v4n5v4&sa=,6267
"Google Custom Search",https://www.google.com/cse?cx=partner-pub-7233843800519946:6667570044&ie=UTF-8&q=v4n5v4,6268
"V4N5V4 British Columbia | List of individuals living in postal code V4N5V4 of British Columbia Canada sorted by address | Locate people by address",https://www.google.com/url?client=internal-uds-cse&cx=partner-pub-7233843800519946:6667570044&q=https://www.locatefamily.com/Street-Lists/Canada/BC/V4N/V4N5V4/index.html&sa=U&ved=2ahUKEwjVrYfh9JjiAhVDJzQIHdfpBcgQFjAAegQIABAC&usg=AOvVaw0PRlT_c-naf6ug_kg9yQQu,6270
"Google Custom Search",https://www.google.com/?cx=partner-pub-7233843800519946%3A6667570044&ie=UTF-8&q=18497+76+ave&sa=,6275
"Google Custom Search",https://www.google.com/cse?cx=partner-pub-7233843800519946:6667570044&ie=UTF-8&q=18497+76+ave,6276
"V4N3G5 British Columbia | List of individuals living in postal code V4N3G5 of British Columbia Canada sorted by address | Locate people by address",https://www.google.com/url?client=internal-uds-cse&cx=partner-pub-7233843800519946:6667570044&q=https://www.locatefamily.com/Street-Lists/Canada/BC/V4N/V4N3G5/index.html&sa=U&ved=2ahUKEwj49bek9ZjiAhVfJjQIHTsiCBsQFjAAegQIAhAC&usg=AOvVaw2Ubev4uW8pcmPr9qS6X41T,6278
"Google Contacts",https://www.google.com/contacts/u/0/#contact/48b52c1e0d4c3e8a,6843
"Google Image Result for http://i287.photobucket.com/albums/ll149/glittergn/dragon/dragon003.gif",https://www.google.com/imgres?imgurl=http://i287.photobucket.com/albums/ll149/glittergn/dragon/dragon003.gif&imgrefurl=http://www.glittergraphicsnow.com/dragons.html&usg=__x4WbLEOHSkbOMpH0kUesPISrvRw%3D&h=352&w=479&sz=225&hl=en&start=4&um=1&tbnid=9CmoGsoMf5HorM,7206
"",https://www.google.com/url?sa=i&source=imgres&cd=&ved=2ahUKEwj_nbzJ2KXiAhWLvJ4KHcINAJAQjRx6BAgBEAU&url=http%3A%2F%2Fwww.glittergraphicsnow.com%2Fdragons.html&psig=AOvVaw2EkrKejt7nZ7zJWVOfe9fO&ust=1558289951163019,7207
https://calendar.google.com/calendar/r/agenda/2019/5/20?eid=MjBzNXJxMjlvdDllbzV2aWdoZTFjMjluM2cgaW5mb0BjbGluaWNhdGNsYXl0b24uY29t&ctz=America/Vancouver&sf=true,https://www.google.com/calendar/event?eid=MjBzNXJxMjlvdDllbzV2aWdoZTFjMjluM2cgaW5mb0BjbGluaWNhdGNsYXl0b24uY29t&ctz=America/Vancouver,7580
"CLAYTON HEIGHTS PHARMACY - Home",https://www.google.com/url?sa=j&url=http%3A%2F%2Fclaytonpharm.com%2F&uct=1550960960&usg=ZZNh3yU_8-LDIgGiFI6N3jKGOL8.,9058
"Review device",https://www.google.com/url?q=https://accounts.google.com/AccountChooser?Email%3Drightclickca@gmail.com%26continue%3Dhttps://myaccount.google.com/alert/nt/1558238122000?rfn%253D31%2526rfnc%253D1%2526eid%253D5656721644640894844%2526et%253D0%2526anexp%253Dgivab-fa--mdv2-fa--hsc-control_b--ivab-fa&source=gmail&ust=1559252528243000&usg=AFQjCNH14zclr_lUxXwLa1t3HFx_qYiu7w,9063
"TEST - Google Search",http://www.google.com/search?q=TEST,9677
"TEST - Google Search",https://www.google.com/search?q=TEST,9678
"Tutorial - Google Search","http://www.google.com/search?q=%20Tutorial%20#4:%20PixelSearch%20(1)4,273%20views670SHARESAVECivRebornPublished%20on%20Oct%2018,%202017SUBSCRIBE%202.8KPixelSearch%20Target%20Script:%20https://pastebin.com/isUzqYcvHow%20to%20use%20AutoHotkey%20PixelSearchSHOW%20MORE24%20CommentsSORT%20BY%20Add%20a%20public%20comment...Password1%20year%20agonice,%20aimbot%20in%20progress%20:D6REPLYView%203%20replies%20Ivan%20Yordanov1%20year%20agoYay%20!%20You%20finily%20make%20pixel%20search%20!%20Keep%20the%20great%20tutorials%20!%20#Fan2REPLYrobchoc5%20months%20agoThanks%20for%20the%20practice%20script,%20really%20appreciate%20you%20giving%20this%20out.%20%20Now%20I%20can%20practice%20:)%20%20%20.%20%20So%20glad%20I%20found%20you%20on%20YT,%20going%20to%20go%20through%20all%20your%20videos%20one%20by%20one%20as%20I%20want%20to%20learn%20as%20much%20as%20I%20can%20about%20AutoHotkey%20especially%20for%20game%20automation.How%20about%20writing%20a%20script%20that%20we%20run%20and%20it%20likes%20all%20your%20videos%20;-)Read%20moreREPLYJimmYJammA20991%20year%20agoAnother%20gold%20nugget%20of%20AHK%20knowledge!1REPLYInverted%20Silence10%20months%20agoHoly%20fUCK%20I%20spent%20all%20day%20trying%20to%20get%20this%20to%20work%20and%20I%20never%20realized%20that%20the%20default%20colour%20thing%20was%20bgrREPLYElian%20Imoveis10%20months%20agoI%20just%20want%20to%20know%20HOW%20i%20activate%20and%20deactivate%20the%20script%20on%20the%20same%20button.I%20want%20to%20start%20and%20restart%20the%20macro%20from%20zero%20on%20the%20same%20button.%20Can%20you%20help%20me?REPLYView%20reply%20JustSenselessX5%20months%20agoNice%20Videos%20=))%20Do%20you%20have%20a%20Website%20with%20your%20programs%20to%20download?%20I%20am%20interested%20in%20your%20Color%20Mixer%20:DREPLYView%20reply%20Dictator%20Future1%20week%20agocan%20you%20show%20how%20i%20can%20search%20pixel%20from%20center?REPLYView%203%20replies%20DJ%20HiNRG5%20months%20agoHi.%20Happy%20New%20Year!%20Btw.%20%20I%20love%20this%20and%20all%20of%20your%20tutorials.%20Question,%20Could%20I%20write%20it%20so%20it%20has%20more%20then%201%20color?%20For%20example,%20if%20I%20want%20it%20to%20locate%20multiple%20colors%20such%20as%20Blue%20+%20Red.%20Or%20Red%20+%20Blue?%20Thanks%20in%20advance.REPLYView%20reply%20Vitor%20Zanusso1%20year%20agoHello%20friend,%20what%20program%20do%20you%20use%20to%20write%20your%20scripts?Would%20you%20like%20to%20pass%20the%20download%20link?REPLYView%203%20replies%20RICKY%20ROBOT1%20year%20agogreat%20tut!1REPLYivanskido1%20year%20agoGreat!1REPLYUp%20nextAUTOPLAY22:07AutoHotkey%20Tutorial%20#4%20Functions%20(Part%201)CivReborn4K%20views8:18The%20Psychology%20of%20Problem-SolvingEdward%20Oneill705K%20views10:41DIY%2087-Key%20Macro%20Keyboard%20-%20Because%20he%20has%20too%20many%20keyboard%20shortcuts!Linus%20Tech%20Tips1.4M%20views8:53REST%20API%20concepts%20and%20examplesWebConcepts3.3M%20views13:06Finding%20text%20/%20Image%20on%20a%20pageJoe%20Glines5.3K%20views",10001
"Tutorial - Google Search","https://www.google.com/search?q=%20Tutorial%20#4:%20PixelSearch%20(1)4,273%20views670SHARESAVECivRebornPublished%20on%20Oct%2018,%202017SUBSCRIBE%202.8KPixelSearch%20Target%20Script:%20https://pastebin.com/isUzqYcvHow%20to%20use%20AutoHotkey%20PixelSearchSHOW%20MORE24%20CommentsSORT%20BY%20Add%20a%20public%20comment...Password1%20year%20agonice,%20aimbot%20in%20progress%20:D6REPLYView%203%20replies%20Ivan%20Yordanov1%20year%20agoYay%20!%20You%20finily%20make%20pixel%20search%20!%20Keep%20the%20great%20tutorials%20!%20#Fan2REPLYrobchoc5%20months%20agoThanks%20for%20the%20practice%20script,%20really%20appreciate%20you%20giving%20this%20out.%20%20Now%20I%20can%20practice%20:)%20%20%20.%20%20So%20glad%20I%20found%20you%20on%20YT,%20going%20to%20go%20through%20all%20your%20videos%20one%20by%20one%20as%20I%20want%20to%20learn%20as%20much%20as%20I%20can%20about%20AutoHotkey%20especially%20for%20game%20automation.How%20about%20writing%20a%20script%20that%20we%20run%20and%20it%20likes%20all%20your%20videos%20;-)Read%20moreREPLYJimmYJammA20991%20year%20agoAnother%20gold%20nugget%20of%20AHK%20knowledge!1REPLYInverted%20Silence10%20months%20agoHoly%20fUCK%20I%20spent%20all%20day%20trying%20to%20get%20this%20to%20work%20and%20I%20never%20realized%20that%20the%20default%20colour%20thing%20was%20bgrREPLYElian%20Imoveis10%20months%20agoI%20just%20want%20to%20know%20HOW%20i%20activate%20and%20deactivate%20the%20script%20on%20the%20same%20button.I%20want%20to%20start%20and%20restart%20the%20macro%20from%20zero%20on%20the%20same%20button.%20Can%20you%20help%20me?REPLYView%20reply%20JustSenselessX5%20months%20agoNice%20Videos%20=))%20Do%20you%20have%20a%20Website%20with%20your%20programs%20to%20download?%20I%20am%20interested%20in%20your%20Color%20Mixer%20:DREPLYView%20reply%20Dictator%20Future1%20week%20agocan%20you%20show%20how%20i%20can%20search%20pixel%20from%20center?REPLYView%203%20replies%20DJ%20HiNRG5%20months%20agoHi.%20Happy%20New%20Year!%20Btw.%20%20I%20love%20this%20and%20all%20of%20your%20tutorials.%20Question,%20Could%20I%20write%20it%20so%20it%20has%20more%20then%201%20color?%20For%20example,%20if%20I%20want%20it%20to%20locate%20multiple%20colors%20such%20as%20Blue%20+%20Red.%20Or%20Red%20+%20Blue?%20Thanks%20in%20advance.REPLYView%20reply%20Vitor%20Zanusso1%20year%20agoHello%20friend,%20what%20program%20do%20you%20use%20to%20write%20your%20scripts?Would%20you%20like%20to%20pass%20the%20download%20link?REPLYView%203%20replies%20RICKY%20ROBOT1%20year%20agogreat%20tut!1REPLYivanskido1%20year%20agoGreat!1REPLYUp%20nextAUTOPLAY22:07AutoHotkey%20Tutorial%20#4%20Functions%20(Part%201)CivReborn4K%20views8:18The%20Psychology%20of%20Problem-SolvingEdward%20Oneill705K%20views10:41DIY%2087-Key%20Macro%20Keyboard%20-%20Because%20he%20has%20too%20many%20keyboard%20shortcuts!Linus%20Tech%20Tips1.4M%20views8:53REST%20API%20concepts%20and%20examplesWebConcepts3.3M%20views13:06Finding%20text%20/%20Image%20on%20a%20pageJoe%20Glines5.3K%20views",10002
"Tutorial - Google Search",https://www.google.com/search?q=%20Tutorial%20#,10003
"Cosmetic Dentistry Surrey | Cosmetic Dentistry and Teeth Whitening | Clayton Market Dental",https://www.google.com/aclk?sa=l&ai=DChcSEwiEmNGptuTiAhWQwmQKHTNaDf4YABABGgJwag&num=2&sig=AOD64_3F8dwf6mJYY460nb_WI5H5_7ufpg&adurl=&q=&nb=0&res_url=http%3A%2F%2Fhecanadadentalimplantsrun.live%2F&rurl=https%3A%2F%2Fwww.google.com%2F&nm=16&nx=259&ny=32&is=520x652&clkt=165&bg=!Hh2lHQVEecs-JU7XLM8CAAAAolIAAAATmQF7hud_-FhRU-Wdp3BawM4uGH1gL0-UjUyVfrQq5V29Z6qboJFo3H_l0AkX7FSgxHuPrhlbH5EobITiR_nUTsoE7vmNYqUGZEoK0B9kqrC4FXs5uJQrlOG8NZ34xinmUXq3tLrE6qonuFH7q5MJsNZearS2aPpOQl7AT4PK1iEFoX46hXh_g9-ARSmp0grh3hsTc3GIkFSmG65kuutU1xtIp9VTJNg0zbFDOo3Fthbla2hQZzAr8rjxlmORcUofxjqIDxfi8Yq1zeSL50Vy1RgqOOnjJsuzUXqyr4qxuZ36PvH8XQ1QmWSqOc5tELmdQQLqeJHpgiVprSFjfzOYrHyJUKvFVztK_vuwYP8X0HADiJI21Jo4ba9Bn1atD-YTfEpoZFMQa5snQ7aahDaTcI1CL5xwdcdljbJ8paTvIGGmfh3_5vAa2IYxnHq_kNXvuFFn_5RXBQsuLD0fMfIqL8EYt4w_JfG4Jkc2AlqNdS4o2PArhQn27P78JI3qyw,10285
"Google Doodles",https://www.google.com/doodles/finder/,10778
"Google Doodles",https://www.google.com/doodles,10779
"José Rizal’s 158th Birthday",https://www.google.com/doodles/jose-rizals-158th-birthday,10780
"Celebrating Michaelina Wautier",https://www.google.com/doodles/celebrating-michaelina-wautier,10781
"Michaelina Wautier - Google Search",http://www.google.com/search?q=Michaelina%20Wautier,10782
"Michaelina Wautier - Google Search",https://www.google.com/search?q=Michaelina%20Wautier,10783
"Denmark Elections 2015",https://www.google.com/doodles/denmark-elections-2015,10784
"Denmark - Google Search",http://www.google.com/search?q=Denmark,10785
"Denmark - Google Search",https://www.google.com/search?q=Denmark,10786
"troglodyte - Google Search",http://www.google.com/search?q=troglodyte,10867
"troglodyte - Google Search",https://www.google.com/search?q=troglodyte,10868
"Dr. Dahlia Scheindlin - Google Search",http://www.google.com/search?q=Dr.%20Dahlia%20Scheindlin,10884
"Dr. Dahlia Scheindlin - Google Search",https://www.google.com/search?q=Dr.%20Dahlia%20Scheindlin,10885
"Dahlia Scheindlin wiki - Google Search",https://www.google.com/search?newwindow=1&ei=pmYJXZfvErG_0PEPvJWhkAI&q=Dahlia+Scheindlin+wiki&oq=Dahlia+Scheindlin+wiki&gs_l=psy-ab.3..0i22i30l2.16696.19541..19985...0.0..0.69.375.6......0....1..gws-wiz.......35i39j0i7i30j0j0i30._49x8JYRA9A,10886
"Dahlia Scheindlin wiki - Google Search",https://www.google.com/search?newwindow=1&q=Dahlia+Scheindlin+wiki&tbm=isch&source=univ&sa=X&ved=2ahUKEwjVna-ei_TiAhWHJzQIHQPcAwUQsAR6BAgAEAE&biw=1280&bih=881,10887
"Dahlia Scheindlin wiki - Google Search",https://www.google.com/search?newwindow=1&q=Dahlia+Scheindlin+wiki&tbm=isch&source=univ&sa=X&ved=2ahUKEwjVna-ei_TiAhWHJzQIHQPcAwUQsAR6BAgAEAE&biw=1280&bih=881#imgrc=pydtJGbPmag0ZM:,10888
"whataboutery - Google Search",http://www.google.com/search?q=whataboutery,10889
"whataboutery - Google Search",https://www.google.com/search?q=whataboutery,10890
"Cloverdale Apartments - Google Search",http://www.google.com/search?q=Cloverdale%20Apartments,10968
"Cloverdale Apartments - Google Search",https://www.google.com/search?q=Cloverdale%20Apartments,10969
"Cloverdale Apartments - Google Search","https://www.google.com/search?q=Cloverdale%20Apartments&newwindow=1&npsic=0&rflfq=1&rlha=0&rllag=49116270,-122716056,1537&tbm=lcl&rldimm=10055206419527618740&ved=2ahUKEwjI7o2N9fXiAhVJilQKHdRjDuIQvS4wAHoECBQQEg&rldoc=1&tbs=lrf:!2m1!1e2!3sIAE,lf:1,lf_ui:2",10970
"Cloverdale Apartments - Google Search","https://www.google.com/search?q=Cloverdale%20Apartments&newwindow=1&npsic=0&rflfq=1&rlha=0&rllag=49116270,-122716056,1537&tbm=lcl&rldimm=10055206419527618740&ved=2ahUKEwjI7o2N9fXiAhVJilQKHdRjDuIQvS4wAHoECBQQEg&rldoc=1&tbs=lrf:!2m1!1e2!3sIAE,lf:1,lf_ui:2#rlfi=hd:;si:10055206419527618740;mv:!1m2!1d49.127867099999996!2d-122.69989!2m2!1d49.1046735!2d-122.7397542!3m12!1m3!1d11234.633950890091!2d-122.7198221!3d49.116270300000004!2m3!1f0!2f0!3f0!3m2!1i465!2i413!4f13.1;tbs:lrf:!2m1!1e2!3sIAE,lf:1,lf_ui:2",10971
"Cloverdale Apartments - Google Search","https://www.google.com/search?q=Cloverdale%20Apartments&newwindow=1&npsic=0&rflfq=1&rlha=0&rllag=49116270,-122716056,1537&tbm=lcl&rldimm=10055206419527618740&ved=2ahUKEwjI7o2N9fXiAhVJilQKHdRjDuIQvS4wAHoECBQQEg&rldoc=1&tbs=lrf:!2m1!1e2!3sIAE,lf:1,lf_ui:2#lrd=0x5485d0097b11fa83:0x8b8b44f6bb2bd0b4,1,,,&rlfi=hd:;si:10055206419527618740;mv:!1m2!1d49.127867099999996!2d-122.69989!2m2!1d49.1046735!2d-122.7397542!3m12!1m3!1d11234.633950890091!2d-122.7198221!3d49.116270300000004!2m3!1f0!2f0!3f0!3m2!1i465!2i413!4f13.1;tbs:lrf:!2m1!1e2!3sIAE,lf:1,lf_ui:2",10972
"Linoy Ashram - Google Search",http://www.google.com/search?q=Linoy%20Ashram,11497
"Linoy Ashram - Google Search",https://www.google.com/search?q=Linoy%20Ashram,11498
"Linoy Ashram - Google Search",https://www.google.com/search?q=Linoy+Ashram&newwindow=1&source=lnms&tbm=vid&sa=X&ved=0ahUKEwicsdix34LjAhVBLn0KHQTPDVgQ_AUIEigD&biw=1280&bih=881,11499
"5772 177b St, Surrey, BC V3S 4J5 - Google Search","http://www.google.com/search?q=5772%20177b%20St,%20Surrey,%20BC%20V3S%204J5",11800
"5772 177b St, Surrey, BC V3S 4J5 - Google Search","https://www.google.com/search?q=5772%20177b%20St,%20Surrey,%20BC%20V3S%204J5",11801
"cloverdale apartments for rent - Google Search",https://www.google.com/search?newwindow=1&ei=Vb0TXeinJsrN0wLj-b_4DA&q=cloverdale+apartments+for+rent&oq=cloverdale+apartment&gs_l=psy-ab.1.1.35i39j0l3j0i20i263j0l5.74373.93740..97094...3.0..0.109.1085.13j2......0....1..gws-wiz.......0i131i67j0i67j0i131j0i22i30j33i160j33i21.9kC9GcT-5ss,11803
"Senior Living | HomeSelectionsToday.com",https://www.google.com/aclk?sa=L&ai=DChcSEwih3bvU54fjAhWRyGQKHWtlCDEYABAEGgJwag&sig=AOD64_3fejcY_vWECyPqM_mVe630cvrKdg&adurl=&q=&nb=0&res_url=https%3A%2F%2Frealestate.mitula.ca%2Ffor-rent-apartments-cloverdale&rurl=https%3A%2F%2Fwww.google.com%2F&nm=6&nx=213&ny=11&is=864x570&clkt=146&bg=!hYalhp5Ekzf-zu1Y-QwCAAAAK1IAAAAKmQFq6ouMv0CnDqp_rp-cpYLAbBLk_C3pd6Xgv6oOcpUDxu4bpQ6bnm87HvScgEu7U7bIj8nEttsYNyI9qZZP9HXLzleisoNpRqu1ROsNaXOECMAkw2kz2cgx8GNRivSLww4YxavGGvPYlpA3v6-aSC5J0yWe_Ech_nrmncVvgA1H2cV5of-m8GFvkH0Vwecj8JFxF1QWILHlCaFrF4iPW9VM9vLZemUuJ5N-FKWncG62dZ-4FQe95KqqGaHOZyFILIduYncERKVudG5x8i1ogDQtJ-gQ0o7W9BpWj8zA8AWIwwmT9zjwhvFv0EmJgaxt8t42MGFg9Y8vLJY1FFWqGxWzQ6NPX9iE5dc4v455dKLVuh7StuIvU_vooH3HJnizVhqHA49Tsgw4_ullg1WZBV97bEtA-2gKc-BethP-wljRu2ZCjwYcJyqkuycG28ik8x6bC0L-Ci09BNsYcgvYTcNWRXF2dgqIOebJP1Y,11805
"cloverdale rooms for rent - Google Search",https://www.google.com/search?newwindow=1&ei=t70TXcWTOMvi0gKNgbOYBA&q=cloverdale+rooms+for+rent&oq=cloverdale+rooms+for+rent&gs_l=psy-ab.3..0i22i30l3.111605.115007..115253...0.0..0.169.1216.11j3......0....1..gws-wiz.......0i71j35i39j0j0i67j0i20i263.KiJuTKdZi2A,11810
"Poonami - Google Search",http://www.google.com/search?q=Poonami,11885
"Poonami - Google Search",https://www.google.com/search?q=Poonami,11886
"Baharat - Google Search",http://www.google.com/search?q=Baharat,11973
"Baharat - Google Search",https://www.google.com/search?q=Baharat,11974
"masterchef australia season 11 imdb' - Google Search",https://www.google.com/search?newwindow=1&ei=DggVXc3pIcqt0gLg_7eACg&q=masterchef+australia+season+11+imdb%27&oq=masterchef+australia+season+11+imdb%27&gs_l=psy-ab.3..0.5206650.5224250..5224266...0.0..0.95.2166.35......0....1..gws-wiz.......0i71j0i67j0i131j35i39j0i3j0i324.4CBaqiHzCCU,11976
"masterchef australia season 11 episode list - Google Search",https://www.google.com/search?newwindow=1&ei=eBwVXZf5DZmAk-4Pq9-U2AU&q=masterchef+australia+season+11+episode+list&oq=masterchef+australia+season+11+episode+list&gs_l=psy-ab.3..0.33580.38137..38422...0.0..0.75.747.12......0....1..gws-wiz.......0i71j0i67j0i3j0i22i30j0i22i10i30.Vi3IOwW9XDo,11978
"Schmukler - Google Search",http://www.google.com/search?q=Schmukler,11985
"Schmukler - Google Search",https://www.google.com/search?q=Schmukler,11986
"Sde Dov - Google Search",http://www.google.com/search?q=%20Sde%20Dov,12073
"Sde Dov - Google Search",https://www.google.com/search?q=%20Sde%20Dov,12074
"6188 - 176th Street, Surrey, BC V3S 4E7 - Google Search","http://www.google.com/search?q=6188%20-%20176th%20Street,%20Surrey,%20BC%20V3S%204E7",12082
"6188 - 176th Street, Surrey, BC V3S 4E7 - Google Search","https://www.google.com/search?q=6188%20-%20176th%20Street,%20Surrey,%20BC%20V3S%204E7",12083
"6188 176 St - Google Maps","https://www.google.com/maps?q=6188+-+176th+Street,+Surrey,+BC+V3S+4E7&um=1&ie=UTF-8&sa=X&ved=0ahUKEwj477DJ4ZbjAhV4JDQIHS0uBrUQ_AUIECgB",12085
"Google Maps","https://www.google.com/maps/place/6188+176+St,+Surrey,+BC+V3S+4E7/@49.11542,-122.7364862,17z/data=!3m1!4b1!4m5!3m4!1s0x5485d0739f4abf73:0x1c118523ccf85dec!8m2!3d49.11542!4d-122.7342975",12086
"Google Maps","https://www.google.com/maps/dir//6188+176+St,+Surrey,+BC+V3S+4E7/@49.11542,-122.7364862,17z/data=!4m17!1m7!3m6!1s0x5485d0739f4abf73:0x1c118523ccf85dec!2s6188+176+St,+Surrey,+BC+V3S+4E7!3b1!8m2!3d49.11542!4d-122.7342975!4m8!1m0!1m5!1m1!1s0x5485d0739f4abf73:0x1c118523ccf85dec!2m2!1d-122.7342975!2d49.11542!3e0",12087
"Google Maps","https://www.google.com/maps/dir//6188+176+St,+Surrey,+BC+V3S+4E7/@49.11542,-122.7364862,17z/data=!4m9!4m8!1m0!1m5!1m1!1s0x5485d0739f4abf73:0x1c118523ccf85dec!2m2!1d-122.7342975!2d49.11542!3e0",12088
"Google Maps","https://www.google.com/maps/dir//6188+176+St,+Surrey,+BC+V3S+4E7/@49.11542,-122.7364862,17z/data=!4m9!4m8!1m0!1m5!1m1!1s0x5485d0739f4abf73:0x1c118523ccf85dec!2m2!1d-122.7342975!2d49.11542!3e3",12089
"Google Maps","https://www.google.com/maps/dir//6188+176+St,+Surrey,+BC+V3S+4E7/@49.1154235,-122.7364862,17z/data=!3m1!4b1!4m9!4m8!1m0!1m5!1m1!1s0x5485d0739f4abf73:0x1c118523ccf85dec!2m2!1d-122.7342975!2d49.11542!3e3",12090
"18497 76 Ave to 6188 176 St, Surrey, BC V3S 4E7 - Google Maps","https://www.google.com/maps/dir/18497+76+Avenue,+Surrey,+BC/6188+176+St,+Surrey,+BC+V3S+4E7/@49.1154235,-122.7364862,17z/data=!4m11!4m10!1m2!1m1!1s0x5485d055de73c4a9:0xc4e940ece06b3673!1m5!1m1!1s0x5485d0739f4abf73:0x1c118523ccf85dec!2m2!1d-122.7342975!2d49.11542!3e3",12091
"18497 76 Ave to 6188 176 St, Surrey, BC V3S 4E7 - Google Maps","https://www.google.com/maps/dir/18497+76+Avenue,+Surrey,+BC+V4N+5V4,+Canada/6188+176+St,+Surrey,+BC+V3S+4E7/@49.1154235,-122.7364862,17z/data=!4m14!4m13!1m5!1m1!1s0x5485d055de73c4a9:0xc4e940ece06b3673!2m2!1d-122.7097391!2d49.141075!1m5!1m1!1s0x5485d0739f4abf73:0x1c118523ccf85dec!2m2!1d-122.7342975!2d49.11542!3e3",12092
"Google Maps","https://www.google.com/maps/dir/18497+76+Avenue,+Surrey,+BC+V4N+5V4,+Canada/6188+176+St,+Surrey,+BC+V3S+4E7/@49.1260284,-122.7312851,13z/data=!3m1!4b1!4m14!4m13!1m5!1m1!1s0x5485d055de73c4a9:0xc4e940ece06b3673!2m2!1d-122.7097391!2d49.141075!1m5!1m1!1s0x5485d0739f4abf73:0x1c118523ccf85dec!2m2!1d-122.7342975!2d49.11542!3e3",12093
"18497 76 Ave to 6188 176 St, Surrey, BC V3S 4E7 - Google Maps","https://www.google.com/maps/dir/18497+76+Avenue,+Surrey,+BC+V4N+5V4,+Canada/6188+176+St,+Surrey,+BC+V3S+4E7/@49.1260284,-122.7312851,13z/am=t/data=!4m14!4m13!1m5!1m1!1s0x5485d055de73c4a9:0xc4e940ece06b3673!2m2!1d-122.7097391!2d49.141075!1m5!1m1!1s0x5485d0739f4abf73:0x1c118523ccf85dec!2m2!1d-122.7342975!2d49.11542!3e3",12094
"18497 76 Ave to 6188 176 St, Surrey, BC V3S 4E7 - Google Maps","https://www.google.com/maps/dir/18497+76+Avenue,+Surrey,+BC+V4N+5V4,+Canada/6188+176+St,+Surrey,+BC+V3S+4E7/@49.1116378,-122.7323729,17z/am=t/data=!4m14!4m13!1m5!1m1!1s0x5485d055de73c4a9:0xc4e940ece06b3673!2m2!1d-122.7097391!2d49.141075!1m5!1m1!1s0x5485d0739f4abf73:0x1c118523ccf85dec!2m2!1d-122.7342975!2d49.11542!3e3",12095
"BCTR, 6188 176 St, Surrey, BC V3S 4E7 - Google Maps","https://www.google.com/maps/dir/18497+76+Avenue,+Surrey,+BC+V4N+5V4,+Canada/6188+176+St,+Surrey,+BC+V3S+4E7/@49.1142573,-122.7338749,17z/am=t/data=!4m14!4m13!1m5!1m1!1s0x5485d055de73c4a9:0xc4e940ece06b3673!2m2!1d-122.7097391!2d49.141075!1m5!1m1!1s0x5485d0739f4abf73:0x1c118523ccf85dec!2m2!1d-122.7342975!2d49.11542!3e3",12096
"BCTR - Google Maps","https://www.google.com/maps/place/BCTR,+6188+176+St,+Surrey,+BC+V3S+4E7/@49.1142573,-122.7338749,17z/am=t/data=!4m22!1m16!4m15!1m6!1m2!1s0x5485d055de73c4a9:0xc4e940ece06b3673!2s18497+76+Avenue,+Surrey,+BC+V4N+5V4,+Canada!2m2!1d-122.7097391!2d49.141075!1m6!1m2!1s0x5485d0739f4abf73:0x1c118523ccf85dec!2s6188+176+St,+Surrey,+BC+V3S+4E7!2m2!1d-122.7342975!2d49.11542!3e3!3m4!1s0x5485d07398c39e97:0x67734304c1826729!8m2!3d49.11542!4d-122.7342975",12097
"BCTR - Google Maps","https://www.google.com/maps/place/BCTR/@49.1142573,-122.7338749,17z/am=t/data=!4m22!1m16!4m15!1m6!1m2!1s0x5485d055de73c4a9:0xc4e940ece06b3673!2s18497+76+Avenue,+Surrey,+BC+V4N+5V4,+Canada!2m2!1d-122.7097391!2d49.141075!1m6!1m2!1s0x5485d0739f4abf73:0x1c118523ccf85dec!2s6188+176+St,+Surrey,+BC+V3S+4E7!2m2!1d-122.7342975!2d49.11542!3e3!3m4!1s0x5485d07398c39e97:0x67734304c1826729!8m2!3d49.11542!4d-122.7342975",12098
"BCTR - Google Maps","https://www.google.com/maps/place/BCTR/@49.1154235,-122.7364862,17z/am=t/data=!3m1!4b1!4m22!1m16!4m15!1m6!1m2!1s0x5485d055de73c4a9:0xc4e940ece06b3673!2s18497+76+Avenue,+Surrey,+BC+V4N+5V4,+Canada!2m2!1d-122.7097391!2d49.141075!1m6!1m2!1s0x5485d0739f4abf73:0x1c118523ccf85dec!2s6188+176+St,+Surrey,+BC+V3S+4E7!2m2!1d-122.7342975!2d49.11542!3e3!3m4!1s0x5485d07398c39e97:0x67734304c1826729!8m2!3d49.11542!4d-122.7342975",12099
"18497 76 Ave to 6188 176 St, Surrey, BC V3S 4E7 - Google Maps","https://www.google.com/maps/dir/18497+76+Avenue,+Surrey,+BC+V4N+5V4,+Canada/6188+176+St,+Surrey,+BC+V3S+4E7/@49.1244854,-122.731706,13z/data=!3m1!4b1!4m14!4m13!1m5!1m1!1s0x5485d055de73c4a9:0xc4e940ece06b3673!2m2!1d-122.7097391!2d49.141075!1m5!1m1!1s0x5485d0739f4abf73:0x1c118523ccf85dec!2m2!1d-122.7342975!2d49.11542!3e3",12100
"18497 76 Ave to 6188 176 St, Surrey, BC V3S 4E7 - Google Maps","https://www.google.com/maps/dir/18497+76+Avenue,+Surrey,+BC+V4N+5V4,+Canada/6188+176+St,+Surrey,+BC+V3S+4E7/@49.1244854,-122.731706,13z/am=t/data=!4m14!4m13!1m5!1m1!1s0x5485d055de73c4a9:0xc4e940ece06b3673!2m2!1d-122.7097391!2d49.141075!1m5!1m1!1s0x5485d0739f4abf73:0x1c118523ccf85dec!2m2!1d-122.7342975!2d49.11542!3e3",12101
"18497 76 Ave to 6188 176 St, Surrey, BC V3S 4E7 - Google Maps","https://www.google.com/maps/dir/18497+76+Avenue,+Surrey,+BC+V4N+5V4,+Canada/6188+176+St,+Surrey,+BC+V3S+4E7/@49.1244854,-122.731706,13z/data=!4m14!4m13!1m5!1m1!1s0x5485d055de73c4a9:0xc4e940ece06b3673!2m2!1d-122.7097391!2d49.141075!1m5!1m1!1s0x5485d0739f4abf73:0x1c118523ccf85dec!2m2!1d-122.7342975!2d49.11542!3e3",12102
"18497 76 Ave to 6188 176 St, Surrey, BC V3S 4E7 - Google Maps","https://www.google.com/maps/dir/18497+76+Avenue,+Surrey,+BC+V4N+5V4,+Canada/6188+176+St,+Surrey,+BC+V3S+4E7/@49.1244854,-122.731706,13z/data=!4m15!4m14!1m5!1m1!1s0x5485d055de73c4a9:0xc4e940ece06b3673!2m2!1d-122.7097391!2d49.141075!1m5!1m1!1s0x5485d0739f4abf73:0x1c118523ccf85dec!2m2!1d-122.7342975!2d49.11542!3e3!5i3",12103
"18497 76 Ave to 6188 176 St, Surrey, BC V3S 4E7 - Google Maps","https://www.google.com/maps/dir/18497+76+Avenue,+Surrey,+BC+V4N+5V4,+Canada/6188+176+St,+Surrey,+BC+V3S+4E7/@49.1244854,-122.731706,13z/data=!4m15!4m14!1m5!1m1!1s0x5485d055de73c4a9:0xc4e940ece06b3673!2m2!1d-122.7097391!2d49.141075!1m5!1m1!1s0x5485d0739f4abf73:0x1c118523ccf85dec!2m2!1d-122.7342975!2d49.11542!3e3!5i1",12104
"18497 76 Ave to 6188 176 St, Surrey, BC V3S 4E7 - Google Maps","https://www.google.com/maps/dir/18497+76+Avenue,+Surrey,+BC+V4N+5V4,+Canada/6188+176+St,+Surrey,+BC+V3S+4E7/@49.1244854,-122.731706,13z/data=!4m15!4m14!1m5!1m1!1s0x5485d055de73c4a9:0xc4e940ece06b3673!2m2!1d-122.7097391!2d49.141075!1m5!1m1!1s0x5485d0739f4abf73:0x1c118523ccf85dec!2m2!1d-122.7342975!2d49.11542!3e3!5i2",12105
"18497 76 Ave to 6188 176 St, Surrey, BC V3S 4E7 - Google Maps","https://www.google.com/maps/dir/18497+76+Avenue,+Surrey,+BC+V4N+5V4,+Canada/6188+176+St,+Surrey,+BC+V3S+4E7/@49.1235893,-122.7205022,13.75z/data=!4m15!4m14!1m5!1m1!1s0x5485d055de73c4a9:0xc4e940ece06b3673!2m2!1d-122.7097391!2d49.141075!1m5!1m1!1s0x5485d0739f4abf73:0x1c118523ccf85dec!2m2!1d-122.7342975!2d49.11542!3e3!5i2",12106
"18497 76 Ave to 6188 176 St, Surrey, BC V3S 4E7 - Google Maps","https://www.google.com/maps/dir/18497+76+Avenue,+Surrey,+BC+V4N+5V4,+Canada/6188+176+St,+Surrey,+BC+V3S+4E7/@49.1229709,-122.7121836,14.75z/data=!4m15!4m14!1m5!1m1!1s0x5485d055de73c4a9:0xc4e940ece06b3673!2m2!1d-122.7097391!2d49.141075!1m5!1m1!1s0x5485d0739f4abf73:0x1c118523ccf85dec!2m2!1d-122.7342975!2d49.11542!3e3!5i2",12107
"18497 76 Ave to 6188 176 St, Surrey, BC V3S 4E7 - Google Maps","https://www.google.com/maps/dir/18497+76+Avenue,+Surrey,+BC+V4N+5V4,+Canada/6188+176+St,+Surrey,+BC+V3S+4E7/@49.1226369,-122.7262694,14.75z/data=!4m15!4m14!1m5!1m1!1s0x5485d055de73c4a9:0xc4e940ece06b3673!2m2!1d-122.7097391!2d49.141075!1m5!1m1!1s0x5485d0739f4abf73:0x1c118523ccf85dec!2m2!1d-122.7342975!2d49.11542!3e3!5i2",12108
"18497 76 Ave to 6188 176 St, Surrey, BC V3S 4E7 - Google Maps","https://www.google.com/maps/dir/18497+76+Avenue,+Surrey,+BC+V4N+5V4,+Canada/6188+176+St,+Surrey,+BC+V3S+4E7/@49.1234868,-122.7256611,14.5z/data=!4m15!4m14!1m5!1m1!1s0x5485d055de73c4a9:0xc4e940ece06b3673!2m2!1d-122.7097391!2d49.141075!1m5!1m1!1s0x5485d0739f4abf73:0x1c118523ccf85dec!2m2!1d-122.7342975!2d49.11542!3e3!5i2",12109
"18497 76 Ave to 6188 176 St, Surrey, BC V3S 4E7 - Google Maps","https://www.google.com/maps/dir/18497+76+Avenue,+Surrey,+BC+V4N+5V4,+Canada/6188+176+St,+Surrey,+BC+V3S+4E7/@49.1288284,-122.7215412,13.5z/data=!4m15!4m14!1m5!1m1!1s0x5485d055de73c4a9:0xc4e940ece06b3673!2m2!1d-122.7097391!2d49.141075!1m5!1m1!1s0x5485d0739f4abf73:0x1c118523ccf85dec!2m2!1d-122.7342975!2d49.11542!3e3!5i2",12110
"18497 76 Ave to 6188 176 St, Surrey, BC V3S 4E7 - Google Maps","https://www.google.com/maps/dir/18497+76+Avenue,+Surrey,+BC+V4N+5V4,+Canada/6188+176+St,+Surrey,+BC+V3S+4E7/@49.1288284,-122.7215412,13.5z/data=!4m15!4m14!1m5!1m1!1s0x5485d055de73c4a9:0xc4e940ece06b3673!2m2!1d-122.7097391!2d49.141075!1m5!1m1!1s0x5485d0739f4abf73:0x1c118523ccf85dec!2m2!1d-122.7342975!2d49.11542!3e3!5i3",12111
"18497 76 Ave to 6188 176 St, Surrey, BC V3S 4E7 - Google Maps","https://www.google.com/maps/dir/18497+76+Avenue,+Surrey,+BC+V4N+5V4,+Canada/6188+176+St,+Surrey,+BC+V3S+4E7/@49.1288284,-122.7215412,13.5z/am=t/data=!4m15!4m14!1m5!1m1!1s0x5485d055de73c4a9:0xc4e940ece06b3673!2m2!1d-122.7097391!2d49.141075!1m5!1m1!1s0x5485d0739f4abf73:0x1c118523ccf85dec!2m2!1d-122.7342975!2d49.11542!3e3!5i3",12112
"18497 76 Ave to 6188 176 St, Surrey, BC V3S 4E7 - Google Maps","https://www.google.com/maps/dir/18497+76+Avenue,+Surrey,+BC+V4N+5V4,+Canada/6188+176+St,+Surrey,+BC+V3S+4E7/@49.1244854,-122.731706,13z/am=t/data=!3m1!4b1!4m15!4m14!1m5!1m1!1s0x5485d055de73c4a9:0xc4e940ece06b3673!2m2!1d-122.7097391!2d49.141075!1m5!1m1!1s0x5485d0739f4abf73:0x1c118523ccf85dec!2m2!1d-122.7342975!2d49.11542!3e3!5i3",12113
"18497 76 Ave to 6188 176 St, Surrey, BC V3S 4E7 - Google Maps","https://www.google.com/maps/dir/18497+76+Avenue,+Surrey,+BC+V4N+5V4,+Canada/6188+176+St,+Surrey,+BC+V3S+4E7/@49.1207781,-122.7363409,13z/am=t/data=!4m15!4m14!1m5!1m1!1s0x5485d055de73c4a9:0xc4e940ece06b3673!2m2!1d-122.7097391!2d49.141075!1m5!1m1!1s0x5485d0739f4abf73:0x1c118523ccf85dec!2m2!1d-122.7342975!2d49.11542!3e3!5i3",12114
"18497 76 Ave to 6188 176 St, Surrey, BC V3S 4E7 - Google Maps","https://www.google.com/maps/dir/18497+76+Avenue,+Surrey,+BC+V4N+5V4,+Canada/6188+176+St,+Surrey,+BC+V3S+4E7/@49.1246447,-122.7104711,14.25z/am=t/data=!4m15!4m14!1m5!1m1!1s0x5485d055de73c4a9:0xc4e940ece06b3673!2m2!1d-122.7097391!2d49.141075!1m5!1m1!1s0x5485d0739f4abf73:0x1c118523ccf85dec!2m2!1d-122.7342975!2d49.11542!3e3!5i3",12115
"18497 76 Ave to 6188 176 St, Surrey, BC V3S 4E7 - Google Maps","https://www.google.com/maps/dir/18497+76+Avenue,+Surrey,+BC+V4N+5V4,+Canada/6188+176+St,+Surrey,+BC+V3S+4E7/@49.1263799,-122.7010877,15.25z/am=t/data=!4m15!4m14!1m5!1m1!1s0x5485d055de73c4a9:0xc4e940ece06b3673!2m2!1d-122.7097391!2d49.141075!1m5!1m1!1s0x5485d0739f4abf73:0x1c118523ccf85dec!2m2!1d-122.7342975!2d49.11542!3e3!5i3",12116
"18497 76 Ave to 6188 176 St, Surrey, BC V3S 4E7 - Google Maps","https://www.google.com/maps/dir/18497+76+Avenue,+Surrey,+BC+V4N+5V4,+Canada/6188+176+St,+Surrey,+BC+V3S+4E7/@49.1264035,-122.7121665,15.25z/am=t/data=!4m15!4m14!1m5!1m1!1s0x5485d055de73c4a9:0xc4e940ece06b3673!2m2!1d-122.7097391!2d49.141075!1m5!1m1!1s0x5485d0739f4abf73:0x1c118523ccf85dec!2m2!1d-122.7342975!2d49.11542!3e3!5i3",12117
"18497 76 Ave to 6188 176 St, Surrey, BC V3S 4E7 - Google Maps","https://www.google.com/maps/dir/18497+76+Avenue,+Surrey,+BC+V4N+5V4,+Canada/6188+176+St,+Surrey,+BC+V3S+4E7/@49.1268758,-122.6926072,15.25z/am=t/data=!4m15!4m14!1m5!1m1!1s0x5485d055de73c4a9:0xc4e940ece06b3673!2m2!1d-122.7097391!2d49.141075!1m5!1m1!1s0x5485d0739f4abf73:0x1c118523ccf85dec!2m2!1d-122.7342975!2d49.11542!3e3!5i3",12118
"18497 76 Ave to 6188 176 St, Surrey, BC V3S 4E7 - Google Maps","https://www.google.com/maps/dir/18497+76+Avenue,+Surrey,+BC+V4N+5V4,+Canada/6188+176+St,+Surrey,+BC+V3S+4E7/@49.1271158,-122.668312,15.25z/am=t/data=!4m15!4m14!1m5!1m1!1s0x5485d055de73c4a9:0xc4e940ece06b3673!2m2!1d-122.7097391!2d49.141075!1m5!1m1!1s0x5485d0739f4abf73:0x1c118523ccf85dec!2m2!1d-122.7342975!2d49.11542!3e3!5i3",12119
"18497 76 Ave to 6188 176 St, Surrey, BC V3S 4E7 - Google Maps","https://www.google.com/maps/dir/18497+76+Avenue,+Surrey,+BC+V4N+5V4,+Canada/6188+176+St,+Surrey,+BC+V3S+4E7/@49.1167714,-122.6710185,15.25z/am=t/data=!4m15!4m14!1m5!1m1!1s0x5485d055de73c4a9:0xc4e940ece06b3673!2m2!1d-122.7097391!2d49.141075!1m5!1m1!1s0x5485d0739f4abf73:0x1c118523ccf85dec!2m2!1d-122.7342975!2d49.11542!3e3!5i3",12120
"18497 76 Ave to 6188 176 St, Surrey, BC V3S 4E7 - Google Maps","https://www.google.com/maps/dir/18497+76+Avenue,+Surrey,+BC+V4N+5V4,+Canada/6188+176+St,+Surrey,+BC+V3S+4E7/@49.1171677,-122.6664205,15.75z/am=t/data=!4m15!4m14!1m5!1m1!1s0x5485d055de73c4a9:0xc4e940ece06b3673!2m2!1d-122.7097391!2d49.141075!1m5!1m1!1s0x5485d0739f4abf73:0x1c118523ccf85dec!2m2!1d-122.7342975!2d49.11542!3e3!5i3",12121
"18497 76 Ave to 6188 176 St, Surrey, BC V3S 4E7 - Google Maps","https://www.google.com/maps/dir/18497+76+Avenue,+Surrey,+BC+V4N+5V4,+Canada/6188+176+St,+Surrey,+BC+V3S+4E7/@49.1178147,-122.6609851,16.75z/am=t/data=!4m15!4m14!1m5!1m1!1s0x5485d055de73c4a9:0xc4e940ece06b3673!2m2!1d-122.7097391!2d49.141075!1m5!1m1!1s0x5485d0739f4abf73:0x1c118523ccf85dec!2m2!1d-122.7342975!2d49.11542!3e3!5i3",12122
"18497 76 Ave to 6188 176 St, Surrey, BC V3S 4E7 - Google Maps","https://www.google.com/maps/dir/18497+76+Avenue,+Surrey,+BC+V4N+5V4,+Canada/6188+176+St,+Surrey,+BC+V3S+4E7/@49.118077,-122.6587848,17.5z/am=t/data=!4m15!4m14!1m5!1m1!1s0x5485d055de73c4a9:0xc4e940ece06b3673!2m2!1d-122.7097391!2d49.141075!1m5!1m1!1s0x5485d0739f4abf73:0x1c118523ccf85dec!2m2!1d-122.7342975!2d49.11542!3e3!5i3",12123
"18497 76 Ave to 6188 176 St, Surrey, BC V3S 4E7 - Google Maps","https://www.google.com/maps/dir/18497+76+Avenue,+Surrey,+BC+V4N+5V4,+Canada/6188+176+St,+Surrey,+BC+V3S+4E7/@49.1181382,-122.658273,17.75z/am=t/data=!4m15!4m14!1m5!1m1!1s0x5485d055de73c4a9:0xc4e940ece06b3673!2m2!1d-122.7097391!2d49.141075!1m5!1m1!1s0x5485d0739f4abf73:0x1c118523ccf85dec!2m2!1d-122.7342975!2d49.11542!3e3!5i3",12124
"18497 76 Ave to 6188 176 St, Surrey, BC V3S 4E7 - Google Maps","https://www.google.com/maps/dir/18497+76+Avenue,+Surrey,+BC+V4N+5V4,+Canada/6188+176+St,+Surrey,+BC+V3S+4E7/@49.1183637,-122.6602251,17.75z/am=t/data=!4m15!4m14!1m5!1m1!1s0x5485d055de73c4a9:0xc4e940ece06b3673!2m2!1d-122.7097391!2d49.141075!1m5!1m1!1s0x5485d0739f4abf73:0x1c118523ccf85dec!2m2!1d-122.7342975!2d49.11542!3e3!5i3",12125
"18497 76 Ave to 6188 176 St, Surrey, BC V3S 4E7 - Google Maps","https://www.google.com/maps/dir/18497+76+Avenue,+Surrey,+BC+V4N+5V4,+Canada/6188+176+St,+Surrey,+BC+V3S+4E7/@49.1183929,-122.6587004,17.75z/am=t/data=!4m15!4m14!1m5!1m1!1s0x5485d055de73c4a9:0xc4e940ece06b3673!2m2!1d-122.7097391!2d49.141075!1m5!1m1!1s0x5485d0739f4abf73:0x1c118523ccf85dec!2m2!1d-122.7342975!2d49.11542!3e3!5i3",12126
"18497 76 Ave to 6188 176 St, Surrey, BC V3S 4E7 - Google Maps","https://www.google.com/maps/dir/18497+76+Avenue,+Surrey,+BC+V4N+5V4,+Canada/6188+176+St,+Surrey,+BC+V3S+4E7/@49.1183916,-122.6618751,17.75z/am=t/data=!4m15!4m14!1m5!1m1!1s0x5485d055de73c4a9:0xc4e940ece06b3673!2m2!1d-122.7097391!2d49.141075!1m5!1m1!1s0x5485d0739f4abf73:0x1c118523ccf85dec!2m2!1d-122.7342975!2d49.11542!3e3!5i3",12127
"18497 76 Ave to 6188 176 St, Surrey, BC V3S 4E7 - Google Maps","https://www.google.com/maps/dir/18497+76+Avenue,+Surrey,+BC+V4N+5V4,+Canada/6188+176+St,+Surrey,+BC+V3S+4E7/@49.1182738,-122.6589865,17.75z/am=t/data=!4m15!4m14!1m5!1m1!1s0x5485d055de73c4a9:0xc4e940ece06b3673!2m2!1d-122.7097391!2d49.141075!1m5!1m1!1s0x5485d0739f4abf73:0x1c118523ccf85dec!2m2!1d-122.7342975!2d49.11542!3e3!5i3",12128
"argon - Google Search",http://www.google.com/search?q=argon,12133
"argon - Google Search",https://www.google.com/search?q=argon,12134
"Fatiha - Google Search",http://www.google.com/search?q=Fatiha,12257
"Fatiha - Google Search",https://www.google.com/search?q=Fatiha,12258
"Rabbi Shlomo Aviner - Google Search",http://www.google.com/search?q=Rabbi%20Shlomo%20Aviner,12318
"Rabbi Shlomo Aviner - Google Search",https://www.google.com/search?q=Rabbi%20Shlomo%20Aviner,12319
"Rabbi Shlomo Aviner - Google Search",https://www.google.com/search?q=Rabbi+Shlomo+Aviner&newwindow=1&source=lnms&tbm=isch&sa=X&ved=0ahUKEwib-6_lnJ7jAhXPs54KHfS2BHUQ_AUIESgC&biw=1280&bih=881,12320
"Nikos Vertis - Erotevmenos - Google Search",http://www.google.com/search?q=Nikos%20Vertis%20-%20Erotevmenos,12334
"Nikos Vertis - Erotevmenos - Google Search",https://www.google.com/search?q=Nikos%20Vertis%20-%20Erotevmenos,12335
"Lauren Silverman - Google Search",http://www.google.com/search?q=Lauren%20Silverman,12437
"Lauren Silverman - Google Search",https://www.google.com/search?q=Lauren%20Silverman,12438
"Lauren Silverman wiki - Google Search",https://www.google.com/search?newwindow=1&ei=S9EgXaa7CYGP8AP9u77ICA&q=Lauren+Silverman+wiki&oq=Lauren+Silverman+wiki&gs_l=psy-ab.3..0i324j0j0i22i30l4.48319.49555..51067...0.0..0.60.260.5......0....1..gws-wiz.......0i67j0i131i67.YoZBWLmA6yM,12439
"Lauren Davis - Google Search",https://www.google.com/search?newwindow=1&ei=f9EgXc_dIcSH0gL61p2wBw&q=Lauren+Davis&oq=Lauren+Davis&gs_l=psy-ab.3..0i131l2j0l8.153776.156497..157079...0.0..0.70.321.6......0....1..gws-wiz.......0i7i30j0i8i7i30.Pp2nWVub4pQ,12441
"Lauren Davis - Google Search",https://www.google.com/search?q=Lauren+Davis&newwindow=1&source=lnms&tbm=isch&sa=X&ved=0ahUKEwjuyvfw4KDjAhXHiFQKHWFvBcQQ_AUIECgB&biw=1280&bih=881,12442
"Lauren Davis -tennis - Google Search",https://www.google.com/search?newwindow=1&biw=1280&bih=881&tbm=isch&sa=1&ei=KNIgXYgbiq3SAsvRmYgO&q=Lauren+Davis+-tennis&oq=Lauren+Davis+-tennis&gs_l=img.3...2486.7164..7841...0.0..0.55.307.8......0....1..gws-wiz-img.......0j0i67j0i30.Tkm-E2m_rHE,12443
"Lauren Davis actress -tennis - Google Search",https://www.google.com/search?newwindow=1&biw=1280&bih=881&tbm=isch&sa=1&ei=MNIgXcKFM-rl0gL6jJnADQ&q=Lauren+Davis+actress+-tennis&oq=Lauren+Davis+actress+-tennis&gs_l=img.3...9823.12383..12875...0.0..0.48.328.8......0....1..gws-wiz-img.AhS05AOsDrM,12444
"Lauren Davis actress cowell -tennis - Google Search",https://www.google.com/search?newwindow=1&biw=1280&bih=881&tbm=isch&sa=1&ei=PtIgXcipJIyT8APkprSoAw&q=Lauren+Davis+actress+cowell+-tennis&oq=Lauren+Davis+actress+cowell+-tennis&gs_l=img.3...11896.14584..15159...0.0..0.93.347.7......0....1..gws-wiz-img.znWKD1oUC9w,12445
"The Voice Kids - Google Search",http://www.google.com/search?q=The%20Voice%20Kids,12987
"The Voice Kids - Google Search",https://www.google.com/search?q=The%20Voice%20Kids,12988
"The Voice Kids Australia 2019 - Google Search",https://www.google.com/search?newwindow=1&ei=PhIkXcr6PKq2mAWs7qnwDg&q=The+Voice+Kids+Australia+2019&oq=The+Voice+Kids+Australia+2019&gs_l=psy-ab.3..0i324.1764.9692..10235...0.0..0.287.2664.0j14j1....2..0....1..gws-wiz.......0i71j35i39j0i131i67j0i67j0.1qWQy3RwNU0,12989
"nataly Semanova - Google Search",http://www.google.com/search?q=nataly%20Semanova,13275
"nataly Semanova - Google Search",https://www.google.com/search?q=nataly%20Semanova,13276
"nataly Semanova - Google Search",https://www.google.com/search?q=nataly+Semanova&newwindow=1&source=lnms&tbm=vid&sa=X&ved=0ahUKEwjO0Mr8hqvjAhWiMHwKHac0DnEQ_AUIESgC&biw=1280&bih=881,13277
"MUAMA - Google Search",http://www.google.com/search?q=MUAMA,13493
"MUAMA - Google Search",https://www.google.com/search?q=MUAMA,13494
"air-gapped - Google Search",http://www.google.com/search?q=%20air-gapped,13512
"air-gapped - Google Search",https://www.google.com/search?q=%20air-gapped,13513
"Euphoria - Google Search",http://www.google.com/search?q=Euphoria,13517
"Euphoria - Google Search",https://www.google.com/search?q=Euphoria,13518
"Zendaya - Google Search",http://www.google.com/search?q=Zendaya,13522
"Zendaya - Google Search",https://www.google.com/search?q=Zendaya,13523
"Zendaya - Google Search",https://www.google.com/search?q=Zendaya&newwindow=1&source=lnms&tbm=isch&sa=X&ved=0ahUKEwjM7ri_36_jAhUkxosBHYvpB1wQ_AUIECgB&biw=1280&bih=881,13524
"Zendaya Net Worth - Google Search",https://www.google.com/search?newwindow=1&biw=1280&bih=881&tbm=isch&sa=1&ei=8K0oXePNK5L_0gSWw5ioBg&q=Zendaya+Net+Worth&oq=Zendaya+Net+Worth&gs_l=img.3..0l3j0i8i30j0i24l2.50439.53206..53621...0.0..0.177.1711.0j10......0....1..gws-wiz-img.......0i67j0i10i24.tAV9jZANZjs,13525
"Zendaya Net Worth - Google Search",https://www.google.com/search?q=Zendaya+Net+Worth&newwindow=1&source=lnms&sa=X&ved=0ahUKEwjz7ITb36_jAhVEzIsBHcYIBAYQ_AUICygA&biw=1280&bih=881&dpr=1,13526
"Spider-Man: Homecoming - Google Search",http://www.google.com/search?q=Spider-Man:%20Homecoming,13529
"Spider-Man: Homecoming - Google Search",https://www.google.com/search?q=Spider-Man:%20Homecoming,13530
"Zendaya fandom - Google Search",https://www.google.com/search?newwindow=1&biw=1280&bih=881&ei=Ka4oXbixG6yImAW_1K_wCQ&q=Zendaya+fandom&oq=Zendaya+fandom&gs_l=psy-ab.3..0l2.562332.569864..570224...0.0..0.182.1057.0j6......0....1..gws-wiz.......0i20i263.goEgA-6tCWs,13535
"Pepper Potts - Google Search",http://www.google.com/search?q=Pepper%20Potts,13657
"Pepper Potts - Google Search",https://www.google.com/search?q=Pepper%20Potts,13658
"9938 201 St - Google Maps","https://www.google.com/maps?ll=49.182821,-122.664077&z=16&t=m&hl=en-US&gl=US&mapclient=embed&q=9938+201+St+Langley+City,+BC+V1M+3E9",13850
"9938 201 St - Google Maps","https://www.google.com/maps/place/9938+201+St,+Langley+City,+BC+V1M+3E9,+Canada/@49.182821,-122.664077,16z/data=!4m5!3m4!1s0x5485d3e6d73fb08d:0xd2701aa2ca163ce!8m2!3d49.1828212!4d-122.664077?hl=en-US",13851
"9938 201 St - Google Maps","https://www.google.com/maps/place/9938+201+St,+Langley+City,+BC+V1M+3E9,+Canada/@49.1786973,-122.6635406,16z/data=!4m5!3m4!1s0x5485d3e6d73fb08d:0xd2701aa2ca163ce!8m2!3d49.1828212!4d-122.664077?hl=en-US",13852
"9938 201 St - Google Maps","https://www.google.com/maps/place/9938+201+St,+Langley+City,+BC+V1M+3E9,+Canada/@49.1757375,-122.6600644,16z/data=!4m5!3m4!1s0x5485d3e6d73fb08d:0xd2701aa2ca163ce!8m2!3d49.1828212!4d-122.664077?hl=en-US",13853
"9938 201 St - Google Maps","https://www.google.com/maps/place/9938+201+St,+Langley+City,+BC+V1M+3E9,+Canada/@49.1770561,-122.6590988,16z/data=!4m5!3m4!1s0x5485d3e6d73fb08d:0xd2701aa2ca163ce!8m2!3d49.1828212!4d-122.664077?hl=en-US",13854
"9938 201 St - Google Maps","https://www.google.com/maps/place/9938+201+St,+Langley+City,+BC+V1M+3E9,+Canada/@49.1772665,-122.6705358,16z/data=!4m5!3m4!1s0x5485d3e6d73fb08d:0xd2701aa2ca163ce!8m2!3d49.1828212!4d-122.664077?hl=en-US",13855
"9938 201 St - Google Maps","https://www.google.com/maps/place/9938+201+St,+Langley+City,+BC+V1M+3E9,+Canada/@49.1756393,-122.6823375,16z/data=!4m5!3m4!1s0x5485d3e6d73fb08d:0xd2701aa2ca163ce!8m2!3d49.1828212!4d-122.664077?hl=en-US",13856
"9938 201 St - Google Maps","https://www.google.com/maps/place/9938+201+St,+Langley+City,+BC+V1M+3E9,+Canada/@49.1735974,-122.6876192,15.25z/data=!4m5!3m4!1s0x5485d3e6d73fb08d:0xd2701aa2ca163ce!8m2!3d49.1828212!4d-122.664077?hl=en-US",13857
"9938 201 St - Google Maps","https://www.google.com/maps/place/9938+201+St,+Langley+City,+BC+V1M+3E9,+Canada/@49.1715112,-122.693016,14.75z/data=!4m5!3m4!1s0x5485d3e6d73fb08d:0xd2701aa2ca163ce!8m2!3d49.1828212!4d-122.664077?hl=en-US",13858
"9938 201 St - Google Maps","https://www.google.com/maps/place/9938+201+St,+Langley+City,+BC+V1M+3E9,+Canada/@49.1701698,-122.6964735,14.5z/data=!4m5!3m4!1s0x5485d3e6d73fb08d:0xd2701aa2ca163ce!8m2!3d49.1828212!4d-122.664077?hl=en-US",13859
"9938 201 St - Google Maps","https://www.google.com/maps/place/9938+201+St,+Langley+City,+BC+V1M+3E9,+Canada/@49.165765,-122.6562351,14.5z/data=!4m5!3m4!1s0x5485d3e6d73fb08d:0xd2701aa2ca163ce!8m2!3d49.1828212!4d-122.664077?hl=en-US",13860
"9938 201 St - Google Maps","https://www.google.com/maps/place/9938+201+St,+Langley+City,+BC+V1M+3E9,+Canada/@49.1596929,-122.6652174,14.5z/data=!4m5!3m4!1s0x5485d3e6d73fb08d:0xd2701aa2ca163ce!8m2!3d49.1828212!4d-122.664077?hl=en-US",13861
"9938 201 St - Google Maps","https://www.google.com/maps/place/9938+201+St,+Langley+City,+BC+V1M+3E9,+Canada/@49.1597059,-122.642948,14.5z/data=!4m5!3m4!1s0x5485d3e6d73fb08d:0xd2701aa2ca163ce!8m2!3d49.1828212!4d-122.664077?hl=en-US",13862
"9938 201 St - Google Maps","https://www.google.com/maps/place/9938+201+St,+Langley+City,+BC+V1M+3E9,+Canada/@49.165897,-122.624255,14.5z/data=!4m5!3m4!1s0x5485d3e6d73fb08d:0xd2701aa2ca163ce!8m2!3d49.1828212!4d-122.664077?hl=en-US",13863
"9938 201 St - Google Maps","https://www.google.com/maps/place/9938+201+St,+Langley+City,+BC+V1M+3E9,+Canada/@49.1729603,-122.6474392,14.5z/data=!4m5!3m4!1s0x5485d3e6d73fb08d:0xd2701aa2ca163ce!8m2!3d49.1828212!4d-122.664077?hl=en-US",13864
"9938 201 St - Google Maps","https://www.google.com/maps/place/9938+201+St,+Langley+City,+BC+V1M+3E9,+Canada/@49.1800185,-122.6491852,14.5z/data=!4m5!3m4!1s0x5485d3e6d73fb08d:0xd2701aa2ca163ce!8m2!3d49.1828212!4d-122.664077?hl=en-US",13865
"9938 201 St - Google Maps","https://www.google.com/maps/place/9938+201+St,+Langley+City,+BC+V1M+3E9,+Canada/@49.1657449,-122.6581636,14.5z/data=!4m5!3m4!1s0x5485d3e6d73fb08d:0xd2701aa2ca163ce!8m2!3d49.1828212!4d-122.664077?hl=en-US",13866
"9938 201 St - Google Maps","https://www.google.com/maps/place/9938+201+St,+Langley+City,+BC+V1M+3E9,+Canada/@49.1598713,-122.6553718,14.5z/data=!4m5!3m4!1s0x5485d3e6d73fb08d:0xd2701aa2ca163ce!8m2!3d49.1828212!4d-122.664077?hl=en-US",13867
"9938 201 St - Google Maps","https://www.google.com/maps/place/9938+201+St,+Langley+City,+BC+V1M+3E9,+Canada/@49.1489405,-122.6776945,14.5z/data=!4m5!3m4!1s0x5485d3e6d73fb08d:0xd2701aa2ca163ce!8m2!3d49.1828212!4d-122.664077?hl=en-US",13868
"9938 201 St - Google Maps","https://www.google.com/maps/place/9938+201+St,+Langley+City,+BC+V1M+3E9,+Canada/@49.1482656,-122.6911073,14.5z/data=!4m5!3m4!1s0x5485d3e6d73fb08d:0xd2701aa2ca163ce!8m2!3d49.1828212!4d-122.664077?hl=en-US",13869
"9938 201 St - Google Maps","https://www.google.com/maps/place/9938+201+St,+Langley+City,+BC+V1M+3E9,+Canada/@49.1313507,-122.6438548,14.5z/data=!4m5!3m4!1s0x5485d3e6d73fb08d:0xd2701aa2ca163ce!8m2!3d49.1828212!4d-122.664077?hl=en-US",13870
"9938 201 St - Google Maps","https://www.google.com/maps/place/9938+201+St,+Langley+City,+BC+V1M+3E9,+Canada/@49.1275382,-122.6301992,14.5z/data=!4m5!3m4!1s0x5485d3e6d73fb08d:0xd2701aa2ca163ce!8m2!3d49.1828212!4d-122.664077?hl=en-US",13871
"9938 201 St - Google Maps","https://www.google.com/maps/place/9938+201+St,+Langley+City,+BC+V1M+3E9,+Canada/@49.1249329,-122.6515346,14.5z/data=!4m5!3m4!1s0x5485d3e6d73fb08d:0xd2701aa2ca163ce!8m2!3d49.1828212!4d-122.664077?hl=en-US",13872
"9938 201 St - Google Maps","https://www.google.com/maps/place/9938+201+St,+Langley+City,+BC+V1M+3E9,+Canada/@49.1210405,-122.6809092,14.5z/data=!4m5!3m4!1s0x5485d3e6d73fb08d:0xd2701aa2ca163ce!8m2!3d49.1828212!4d-122.664077?hl=en-US",13873
"9938 201 St - Google Maps","https://www.google.com/maps/place/9938+201+St,+Langley+City,+BC+V1M+3E9,+Canada/@49.1213979,-122.6948076,14.5z/data=!4m5!3m4!1s0x5485d3e6d73fb08d:0xd2701aa2ca163ce!8m2!3d49.1828212!4d-122.664077?hl=en-US",13874
"Melissa Rycroft! - Google Search",http://www.google.com/search?q=Melissa%20Rycroft!,13975
"Melissa Rycroft! - Google Search",https://www.google.com/search?q=Melissa%20Rycroft!,13976
"חגית יאסו - Google Search",http://www.google.com/search?q=%D7%97%D7%92%D7%99%D7%AA%20%D7%99%D7%90%D7%A1%D7%95,14088
"חגית יאסו - Google Search",https://www.google.com/search?q=%D7%97%D7%92%D7%99%D7%AA%20%D7%99%D7%90%D7%A1%D7%95,14089
"חגית יאסו - Google Search",https://www.google.com/search?q=%D7%97%D7%92%D7%99%D7%AA+%D7%99%D7%90%D7%A1%D7%95&newwindow=1&source=lnms&tbm=nws&sa=X&ved=0ahUKEwjn6NOct7PjAhWAw8QBHRKaAlwQ_AUIEigD&biw=1280&bih=881,14090
"Alyssa Milano - Google Search",http://www.google.com/search?q=Alyssa%20Milano,14338
"Alyssa Milano - Google Search",https://www.google.com/search?q=Alyssa%20Milano,14339
"Public Libraries - Google My Maps","https://www.google.com/maps/d/edit?mid=1q1448CX7zm7vKppwcqP9tQxaVQ8&msa=0&ll=49.373991,-123.372173&spn=0.088635,0.15604",14397
"Public Libraries - Google My Maps","https://www.google.com/maps/d/viewer?msa=0&ll=49.373991,-123.372173&spn=0.088635,0.15604&mid=1q1448CX7zm7vKppwcqP9tQxaVQ8",14398
"Public Libraries - Google My Maps",https://www.google.com/maps/d/viewer?msa=0&ll=49.373991%2C-123.372173&spn=0.088635%2C0.15604&mid=1q1448CX7zm7vKppwcqP9tQxaVQ8,14399
"Public Libraries - Google My Maps",https://www.google.com/maps/d/viewer?msa=0&ll=0%2C0&spn=0.088635%2C0.15604&mid=1q1448CX7zm7vKppwcqP9tQxaVQ8&z=12,14400
"Public Libraries - Google My Maps",https://www.google.com/maps/d/viewer?msa=0&ll=49.37401097863287%2C-123.37217299999998&spn=0.088635%2C0.15604&mid=1q1448CX7zm7vKppwcqP9tQxaVQ8&z=12,14401
"Public Libraries - Google My Maps",https://www.google.com/maps/d/viewer?msa=0&ll=49.35448094118283%2C-123.08927798477418&spn=0.088635%2C0.15604&mid=1q1448CX7zm7vKppwcqP9tQxaVQ8&z=12,14402
"Public Libraries - Google My Maps",https://www.google.com/maps/d/viewer?msa=0&ll=49.273235301668976%2C-123.08653140274293&spn=0.088635%2C0.15604&mid=1q1448CX7zm7vKppwcqP9tQxaVQ8&z=12,14403
"Public Libraries - Google My Maps",https://www.google.com/maps/d/viewer?msa=0&ll=49.104171000000036%2C-122.73366299999998&spn=0.088635%2C0.15604&mid=1q1448CX7zm7vKppwcqP9tQxaVQ8&z=12,14404
"Public Libraries - Google My Maps",https://www.google.com/maps/d/viewer?msa=0&ll=49.10029359142823%2C-122.7130636347656&spn=0.088635%2C0.15604&mid=1q1448CX7zm7vKppwcqP9tQxaVQ8&z=13,14405
"Public Libraries - Google My Maps",https://www.google.com/maps/d/viewer?msa=0&ll=49.07825966557423%2C-122.63564435375974&spn=0.088635%2C0.15604&mid=1q1448CX7zm7vKppwcqP9tQxaVQ8&z=13,14406
"Public Libraries - Google My Maps",https://www.google.com/maps/d/viewer?msa=0&ll=49.08048036388028%2C-122.64208165539549&spn=0.088635%2C0.15604&mid=1q1448CX7zm7vKppwcqP9tQxaVQ8&z=14,14407
"Public Libraries - Google My Maps",https://www.google.com/maps/d/viewer?msa=0&ll=49.08362852548992%2C-122.6577886713867&spn=0.088635%2C0.15604&mid=1q1448CX7zm7vKppwcqP9tQxaVQ8&z=14,14408
"Public Libraries - Google My Maps",https://www.google.com/maps/d/viewer?msa=0&ll=49.090516595739885%2C-122.65878232650243&spn=0.088635%2C0.15604&mid=1q1448CX7zm7vKppwcqP9tQxaVQ8&z=14,14409
"Public Libraries - Google My Maps",https://www.google.com/maps/d/viewer?msa=0&ll=49.08391176439972%2C-122.65234502486669&spn=0.088635%2C0.15604&mid=1q1448CX7zm7vKppwcqP9tQxaVQ8&z=13,14410
"Public Libraries - Google My Maps",https://www.google.com/maps/d/viewer?msa=0&ll=49.09381868195228%2C-122.6620009773203&spn=0.088635%2C0.15604&mid=1q1448CX7zm7vKppwcqP9tQxaVQ8&z=15,14411
"Public Libraries - Google My Maps",https://www.google.com/maps/d/viewer?msa=0&ll=49.09546964269562%2C-122.66361030272924&spn=0.088635%2C0.15604&mid=1q1448CX7zm7vKppwcqP9tQxaVQ8&z=16,14412
"Public Libraries - Google My Maps",https://www.google.com/maps/d/viewer?msa=0&ll=49.09052136362157%2C-122.65885128481034&spn=0.088635%2C0.15604&mid=1q1448CX7zm7vKppwcqP9tQxaVQ8&z=14,14413
"Public Libraries - Google My Maps",https://www.google.com/maps/d/viewer?msa=0&ll=49.10715602165042%2C-122.66503109438065&spn=0.088635%2C0.15604&mid=1q1448CX7zm7vKppwcqP9tQxaVQ8&z=14,14414
"Public Libraries - Google My Maps",https://www.google.com/maps/d/viewer?msa=0&ll=49.10709983286697%2C-122.66503109438065&spn=0.088635%2C0.15604&mid=1q1448CX7zm7vKppwcqP9tQxaVQ8&z=14,14415
"Public Libraries - Google My Maps",https://www.google.com/maps/d/viewer?msa=0&ll=49.114245904683834%2C-122.67000092231422&spn=0.088635%2C0.15604&mid=1q1448CX7zm7vKppwcqP9tQxaVQ8&z=16,14416
"Public Libraries - Google My Maps",https://www.google.com/maps/d/viewer?msa=0&ll=49.097575384251414%2C-122.66393013346374&spn=0.088635%2C0.15604&mid=1q1448CX7zm7vKppwcqP9tQxaVQ8&z=13,14417
"Public Libraries - Google My Maps",https://www.google.com/maps/d/viewer?msa=0&ll=49.111914469091545%2C-122.66919700859091&spn=0.088635%2C0.15604&mid=1q1448CX7zm7vKppwcqP9tQxaVQ8&z=15,14418
"Public Libraries - Google My Maps",https://www.google.com/maps/d/viewer?msa=0&ll=49.114309227136424%2C-122.6700767731478&spn=0.088635%2C0.15604&mid=1q1448CX7zm7vKppwcqP9tQxaVQ8&z=16,14419
"Public Libraries - Google My Maps",https://www.google.com/maps/d/viewer?msa=0&ll=49.09754539879687%2C-122.66391912113033&spn=0.088635%2C0.15604&mid=1q1448CX7zm7vKppwcqP9tQxaVQ8&z=13,14420
"Public Libraries - Google My Maps",https://www.google.com/maps/d/viewer?msa=0&ll=49.10718270027845%2C-122.6673523486694&spn=0.088635%2C0.15604&mid=1q1448CX7zm7vKppwcqP9tQxaVQ8&z=14,14421
"Public Libraries - Google My Maps",https://www.google.com/maps/d/viewer?msa=0&ll=49.11200064921357%2C-122.66906896243893&spn=0.088635%2C0.15604&mid=1q1448CX7zm7vKppwcqP9tQxaVQ8&z=15,14422
"Public Libraries - Google My Maps",https://www.google.com/maps/d/viewer?msa=0&ll=49.10414841654747%2C-122.6402298511108&spn=0.088635%2C0.15604&mid=1q1448CX7zm7vKppwcqP9tQxaVQ8&z=14,14423
"Public Libraries - Google My Maps",https://www.google.com/maps/d/viewer?msa=0&ll=49.09343326679397%2C-122.65084427952178&spn=0.088635%2C0.15604&mid=1q1448CX7zm7vKppwcqP9tQxaVQ8&z=14,14424
"Public Libraries - Google My Maps",https://www.google.com/maps/d/viewer?msa=0&ll=49.098898833081%2C-122.65294713138945&spn=0.088635%2C0.15604&mid=1q1448CX7zm7vKppwcqP9tQxaVQ8&z=15,14425
"Public Libraries - Google My Maps",https://www.google.com/maps/d/viewer?msa=0&ll=49.10301030514872%2C-122.65445682000441&spn=0.088635%2C0.15604&mid=1q1448CX7zm7vKppwcqP9tQxaVQ8&z=17,14426
"Public Libraries - Google My Maps",https://www.google.com/maps/d/viewer?msa=0&ll=49.10303137768654%2C-122.65698882531444&spn=0.088635%2C0.15604&mid=1q1448CX7zm7vKppwcqP9tQxaVQ8&z=17,14427
"Public Libraries - Google My Maps",https://www.google.com/maps/d/viewer?msa=0&ll=49.103059474389795%2C-122.65712830018322&spn=0.088635%2C0.15604&mid=1q1448CX7zm7vKppwcqP9tQxaVQ8&z=17,14428
"Google Maps",https://www.google.com/maps/d/go?cid=mmv,14429
"Google Maps","https://www.google.com/url?q=https://maps.google.com/?q%3D20399%2BDouglas%2BCrescent,%2BLangley%2BCity,%2BBC%2BV3A%2B8T4%26ftid%3D0x5485cfd28a5bb341:0x2cad3d47f41224a&sa=D&sntz=1&usd=2&usg=AFQjCNE_25LtuA6GOPWJF_WE77oMP9kneg",14430
"Google Maps","https://www.google.com/maps?q=20399+Douglas+Crescent,+Langley+City,+BC+V3A+8T4&ftid=0x5485cfd28a5bb341:0x2cad3d47f41224a",14433
"Google Maps","https://www.google.com/maps/dir//20399+Douglas+Crescent,+Langley+City,+BC+V3A+8T4/@49.1039437,-122.6592384,17z/data=!4m17!1m7!3m6!1s0x5485cfd28a5bb341:0x2cad3d47f41224a!2s20399+Douglas+Crescent,+Langley+City,+BC+V3A+8T4!3b1!8m2!3d49.1039437!4d-122.6570497!4m8!1m0!1m5!1m1!1s0x5485cfd28a5bb341:0x2cad3d47f41224a!2m2!1d-122.6570497!2d49.1039437!3e0",14434
"Google Maps","https://www.google.com/maps/dir//20399+Douglas+Crescent,+Langley+City,+BC+V3A+8T4/@49.1039437,-122.6592384,17z/data=!4m9!4m8!1m0!1m5!1m1!1s0x5485cfd28a5bb341:0x2cad3d47f41224a!2m2!1d-122.6570497!2d49.1039437!3e0",14435
"Google Maps","https://www.google.com/maps/dir/18497+76+Avenue,+Surrey,+BC/20399+Douglas+Crescent,+Langley+City,+BC+V3A+8T4/@49.1039437,-122.6592384,17z/data=!4m11!4m10!1m2!1m1!1s0x5485d055de73c4a9:0xc4e940ece06b3673!1m5!1m1!1s0x5485cfd28a5bb341:0x2cad3d47f41224a!2m2!1d-122.6570497!2d49.1039437!3e0",14436
"Google Maps","https://www.google.com/maps/dir/18497+76+Avenue,+Surrey,+BC+V4N+5V4,+Canada/20399+Douglas+Crescent,+Langley+City,+BC+V3A+8T4/@49.1039437,-122.6592384,17z/data=!4m14!4m13!1m5!1m1!1s0x5485d055de73c4a9:0xc4e940ece06b3673!2m2!1d-122.7097391!2d49.141075!1m5!1m1!1s0x5485cfd28a5bb341:0x2cad3d47f41224a!2m2!1d-122.6570497!2d49.1039437!3e0",14437
"Google Maps","https://www.google.com/maps/dir/18497+76+Avenue,+Surrey,+BC+V4N+5V4,+Canada/20399+Douglas+Crescent,+Langley+City,+BC+V3A+8T4/@49.1223515,-122.7020117,14z/data=!3m1!4b1!4m14!4m13!1m5!1m1!1s0x5485d055de73c4a9:0xc4e940ece06b3673!2m2!1d-122.7097391!2d49.141075!1m5!1m1!1s0x5485cfd28a5bb341:0x2cad3d47f41224a!2m2!1d-122.6570497!2d49.1039437!3e0",14438
"18497 76 Ave to 20399 Douglas Crescent - Google Maps","https://www.google.com/maps/dir/18497+76+Avenue,+Surrey,+BC+V4N+5V4,+Canada/20399+Douglas+Crescent,+Langley+City,+BC+V3A+8T4/@49.1223515,-122.7020117,14z/data=!4m14!4m13!1m5!1m1!1s0x5485d055de73c4a9:0xc4e940ece06b3673!2m2!1d-122.7097391!2d49.141075!1m5!1m1!1s0x5485cfd28a5bb341:0x2cad3d47f41224a!2m2!1d-122.6570497!2d49.1039437!3e3",14439
"20399 Douglas Crescent to 18497 76 Ave - Google Maps","https://www.google.com/maps/dir/18497+76+Avenue,+Surrey,+BC+V4N+5V4,+Canada/20399+Douglas+Crescent,+Langley+City,+BC+V3A+8T4/@49.1223756,-122.71122,13z/data=!3m1!4b1!4m14!4m13!1m5!1m1!1s0x5485d055de73c4a9:0xc4e940ece06b3673!2m2!1d-122.7097391!2d49.141075!1m5!1m1!1s0x5485cfd28a5bb341:0x2cad3d47f41224a!2m2!1d-122.6570497!2d49.1039437!3e3",14440
"18497 76 Ave to 20399 Douglas Crescent - Google Maps","https://www.google.com/maps/dir/18497+76+Avenue,+Surrey,+BC+V4N+5V4,+Canada/20399+Douglas+Crescent,+Langley+City,+BC+V3A+8T4/@49.1223756,-122.71122,13z/am=t/data=!4m14!4m13!1m5!1m1!1s0x5485d055de73c4a9:0xc4e940ece06b3673!2m2!1d-122.7097391!2d49.141075!1m5!1m1!1s0x5485cfd28a5bb341:0x2cad3d47f41224a!2m2!1d-122.6570497!2d49.1039437!3e3",14441
"18497 76 Ave to 20399 Douglas Crescent - Google Maps","https://www.google.com/maps/dir/18497+76+Avenue,+Surrey,+BC+V4N+5V4,+Canada/20399+Douglas+Crescent,+Langley+City,+BC+V3A+8T4/@49.1125563,-122.6938782,14.5z/am=t/data=!4m14!4m13!1m5!1m1!1s0x5485d055de73c4a9:0xc4e940ece06b3673!2m2!1d-122.7097391!2d49.141075!1m5!1m1!1s0x5485cfd28a5bb341:0x2cad3d47f41224a!2m2!1d-122.6570497!2d49.1039437!3e3",14442
"18497 76 Ave to 20399 Douglas Crescent - Google Maps","https://www.google.com/maps/dir/18497+76+Avenue,+Surrey,+BC+V4N+5V4,+Canada/20399+Douglas+Crescent,+Langley+City,+BC+V3A+8T4/@49.1073517,-122.6594662,14.5z/am=t/data=!4m14!4m13!1m5!1m1!1s0x5485d055de73c4a9:0xc4e940ece06b3673!2m2!1d-122.7097391!2d49.141075!1m5!1m1!1s0x5485cfd28a5bb341:0x2cad3d47f41224a!2m2!1d-122.6570497!2d49.1039437!3e3",14443
"18497 76 Ave to 20399 Douglas Crescent - Google Maps","https://www.google.com/maps/dir/18497+76+Avenue,+Surrey,+BC+V4N+5V4,+Canada/20399+Douglas+Crescent,+Langley+City,+BC+V3A+8T4/@49.1046461,-122.6563359,15.75z/am=t/data=!4m14!4m13!1m5!1m1!1s0x5485d055de73c4a9:0xc4e940ece06b3673!2m2!1d-122.7097391!2d49.141075!1m5!1m1!1s0x5485cfd28a5bb341:0x2cad3d47f41224a!2m2!1d-122.6570497!2d49.1039437!3e3",14444
"18497 76 Ave to 20399 Douglas Crescent - Google Maps","https://www.google.com/maps/dir/18497+76+Avenue,+Surrey,+BC+V4N+5V4,+Canada/20399+Douglas+Crescent,+Langley+City,+BC+V3A+8T4/@49.1043551,-122.6559624,16z/am=t/data=!4m14!4m13!1m5!1m1!1s0x5485d055de73c4a9:0xc4e940ece06b3673!2m2!1d-122.7097391!2d49.141075!1m5!1m1!1s0x5485cfd28a5bb341:0x2cad3d47f41224a!2m2!1d-122.6570497!2d49.1039437!3e3",14445
"18497 76 Ave to 20399 Douglas Crescent - Google Maps","https://www.google.com/maps/dir/18497+76+Avenue,+Surrey,+BC+V4N+5V4,+Canada/20399+Douglas+Crescent,+Langley+City,+BC+V3A+8T4/@49.1041148,-122.6556347,16.25z/am=t/data=!4m14!4m13!1m5!1m1!1s0x5485d055de73c4a9:0xc4e940ece06b3673!2m2!1d-122.7097391!2d49.141075!1m5!1m1!1s0x5485cfd28a5bb341:0x2cad3d47f41224a!2m2!1d-122.6570497!2d49.1039437!3e3",14446
"18497 76 Ave to 20399 Douglas Crescent - Google Maps","https://www.google.com/maps/dir/18497+76+Avenue,+Surrey,+BC+V4N+5V4,+Canada/20399+Douglas+Crescent,+Langley+City,+BC+V3A+8T4/@49.104103,-122.6587743,16.25z/am=t/data=!4m14!4m13!1m5!1m1!1s0x5485d055de73c4a9:0xc4e940ece06b3673!2m2!1d-122.7097391!2d49.141075!1m5!1m1!1s0x5485cfd28a5bb341:0x2cad3d47f41224a!2m2!1d-122.6570497!2d49.1039437!3e3",14447
"18497 76 Ave to 20399 Douglas Crescent - Google Maps","https://www.google.com/maps/dir/18497+76+Avenue,+Surrey,+BC+V4N+5V4,+Canada/20399+Douglas+Crescent,+Langley+City,+BC+V3A+8T4/@49.1032874,-122.6578683,17.25z/am=t/data=!4m14!4m13!1m5!1m1!1s0x5485d055de73c4a9:0xc4e940ece06b3673!2m2!1d-122.7097391!2d49.141075!1m5!1m1!1s0x5485cfd28a5bb341:0x2cad3d47f41224a!2m2!1d-122.6570497!2d49.1039437!3e3",14448
"18497 76 Ave to 20399 Douglas Crescent - Google Maps","https://www.google.com/maps/dir/18497+76+Avenue,+Surrey,+BC+V4N+5V4,+Canada/20399+Douglas+Crescent,+Langley+City,+BC+V3A+8T4/@49.108443,-122.6622351,17.25z/am=t/data=!4m14!4m13!1m5!1m1!1s0x5485d055de73c4a9:0xc4e940ece06b3673!2m2!1d-122.7097391!2d49.141075!1m5!1m1!1s0x5485cfd28a5bb341:0x2cad3d47f41224a!2m2!1d-122.6570497!2d49.1039437!3e3",14449
"18497 76 Ave to 20399 Douglas Crescent - Google Maps","https://www.google.com/maps/dir/18497+76+Avenue,+Surrey,+BC+V4N+5V4,+Canada/20399+Douglas+Crescent,+Langley+City,+BC+V3A+8T4/@49.1074567,-122.6647883,17.25z/am=t/data=!4m14!4m13!1m5!1m1!1s0x5485d055de73c4a9:0xc4e940ece06b3673!2m2!1d-122.7097391!2d49.141075!1m5!1m1!1s0x5485cfd28a5bb341:0x2cad3d47f41224a!2m2!1d-122.6570497!2d49.1039437!3e3",14450
"18497 76 Ave to 20399 Douglas Crescent - Google Maps","https://www.google.com/maps/dir/18497+76+Avenue,+Surrey,+BC+V4N+5V4,+Canada/20399+Douglas+Crescent,+Langley+City,+BC+V3A+8T4/@49.1114854,-122.6802333,17.25z/am=t/data=!4m14!4m13!1m5!1m1!1s0x5485d055de73c4a9:0xc4e940ece06b3673!2m2!1d-122.7097391!2d49.141075!1m5!1m1!1s0x5485cfd28a5bb341:0x2cad3d47f41224a!2m2!1d-122.6570497!2d49.1039437!3e3",14451
"18497 76 Ave to 20399 Douglas Crescent - Google Maps","https://www.google.com/maps/dir/18497+76+Avenue,+Surrey,+BC+V4N+5V4,+Canada/20399+Douglas+Crescent,+Langley+City,+BC+V3A+8T4/@49.1212104,-122.6896347,16.5z/am=t/data=!4m14!4m13!1m5!1m1!1s0x5485d055de73c4a9:0xc4e940ece06b3673!2m2!1d-122.7097391!2d49.141075!1m5!1m1!1s0x5485cfd28a5bb341:0x2cad3d47f41224a!2m2!1d-122.6570497!2d49.1039437!3e3",14452
"18497 76 Ave to 20399 Douglas Crescent - Google Maps","https://www.google.com/maps/dir/18497+76+Avenue,+Surrey,+BC+V4N+5V4,+Canada/20399+Douglas+Crescent,+Langley+City,+BC+V3A+8T4/@49.1246916,-122.6936323,15.25z/am=t/data=!4m14!4m13!1m5!1m1!1s0x5485d055de73c4a9:0xc4e940ece06b3673!2m2!1d-122.7097391!2d49.141075!1m5!1m1!1s0x5485cfd28a5bb341:0x2cad3d47f41224a!2m2!1d-122.6570497!2d49.1039437!3e3",14453
"18497 76 Ave to 20399 Douglas Crescent - Google Maps","https://www.google.com/maps/dir/18497+76+Avenue,+Surrey,+BC+V4N+5V4,+Canada/20399+Douglas+Crescent,+Langley+City,+BC+V3A+8T4/@49.1328127,-122.7035501,14z/am=t/data=!4m14!4m13!1m5!1m1!1s0x5485d055de73c4a9:0xc4e940ece06b3673!2m2!1d-122.7097391!2d49.141075!1m5!1m1!1s0x5485cfd28a5bb341:0x2cad3d47f41224a!2m2!1d-122.6570497!2d49.1039437!3e3",14454
"18497 76 Ave to 20399 Douglas Crescent - Google Maps","https://www.google.com/maps/dir/18497+76+Avenue,+Surrey,+BC+V4N+5V4,+Canada/20399+Douglas+Crescent,+Langley+City,+BC+V3A+8T4/@49.117535,-122.6682736,14z/am=t/data=!4m14!4m13!1m5!1m1!1s0x5485d055de73c4a9:0xc4e940ece06b3673!2m2!1d-122.7097391!2d49.141075!1m5!1m1!1s0x5485cfd28a5bb341:0x2cad3d47f41224a!2m2!1d-122.6570497!2d49.1039437!3e3",14455
"18497 76 Ave to 20399 Douglas Crescent - Google Maps","https://www.google.com/maps/dir/18497+76+Avenue,+Surrey,+BC+V4N+5V4,+Canada/20399+Douglas+Crescent,+Langley+City,+BC+V3A+8T4/@49.1165098,-122.6644453,15.5z/am=t/data=!4m14!4m13!1m5!1m1!1s0x5485d055de73c4a9:0xc4e940ece06b3673!2m2!1d-122.7097391!2d49.141075!1m5!1m1!1s0x5485cfd28a5bb341:0x2cad3d47f41224a!2m2!1d-122.6570497!2d49.1039437!3e3",14456
"18497 76 Ave to 20399 Douglas Crescent - Google Maps","https://www.google.com/maps/dir/18497+76+Avenue,+Surrey,+BC+V4N+5V4,+Canada/20399+Douglas+Crescent,+Langley+City,+BC+V3A+8T4/@49.1138283,-122.6500007,15.5z/am=t/data=!4m14!4m13!1m5!1m1!1s0x5485d055de73c4a9:0xc4e940ece06b3673!2m2!1d-122.7097391!2d49.141075!1m5!1m1!1s0x5485cfd28a5bb341:0x2cad3d47f41224a!2m2!1d-122.6570497!2d49.1039437!3e3",14457
"18497 76 Ave to 20399 Douglas Crescent - Google Maps","https://www.google.com/maps/dir/18497+76+Avenue,+Surrey,+BC+V4N+5V4,+Canada/20399+Douglas+Crescent,+Langley+City,+BC+V3A+8T4/@49.1034556,-122.6613543,15.5z/am=t/data=!4m14!4m13!1m5!1m1!1s0x5485d055de73c4a9:0xc4e940ece06b3673!2m2!1d-122.7097391!2d49.141075!1m5!1m1!1s0x5485cfd28a5bb341:0x2cad3d47f41224a!2m2!1d-122.6570497!2d49.1039437!3e3",14458
"18497 76 Ave to 20399 Douglas Crescent - Google Maps","https://www.google.com/maps/dir/18497+76+Avenue,+Surrey,+BC+V4N+5V4,+Canada/20399+Douglas+Crescent,+Langley+City,+BC+V3A+8T4/@49.1032099,-122.6599519,16.25z/am=t/data=!4m14!4m13!1m5!1m1!1s0x5485d055de73c4a9:0xc4e940ece06b3673!2m2!1d-122.7097391!2d49.141075!1m5!1m1!1s0x5485cfd28a5bb341:0x2cad3d47f41224a!2m2!1d-122.6570497!2d49.1039437!3e3",14459
"18497 76 Ave to 20399 Douglas Crescent - Google Maps","https://www.google.com/maps/dir/18497+76+Avenue,+Surrey,+BC+V4N+5V4,+Canada/20399+Douglas+Crescent,+Langley+City,+BC+V3A+8T4/@49.1030687,-122.6591034,17z/am=t/data=!4m14!4m13!1m5!1m1!1s0x5485d055de73c4a9:0xc4e940ece06b3673!2m2!1d-122.7097391!2d49.141075!1m5!1m1!1s0x5485cfd28a5bb341:0x2cad3d47f41224a!2m2!1d-122.6570497!2d49.1039437!3e3",14460
"18497 76 Ave to 20399 Douglas Crescent - Google Maps","https://www.google.com/maps/dir/18497+76+Avenue,+Surrey,+BC+V4N+5V4,+Canada/20399+Douglas+Crescent,+Langley+City,+BC+V3A+8T4/@49.1029846,-122.6585858,17.75z/am=t/data=!4m14!4m13!1m5!1m1!1s0x5485d055de73c4a9:0xc4e940ece06b3673!2m2!1d-122.7097391!2d49.141075!1m5!1m1!1s0x5485cfd28a5bb341:0x2cad3d47f41224a!2m2!1d-122.6570497!2d49.1039437!3e3",14461
"18497 76 Ave to 20399 Douglas Crescent - Google Maps","https://www.google.com/maps/dir/18497+76+Avenue,+Surrey,+BC+V4N+5V4,+Canada/20399+Douglas+Crescent,+Langley+City,+BC+V3A+8T4/@49.1030366,-122.6589029,17.25z/am=t/data=!4m14!4m13!1m5!1m1!1s0x5485d055de73c4a9:0xc4e940ece06b3673!2m2!1d-122.7097391!2d49.141075!1m5!1m1!1s0x5485cfd28a5bb341:0x2cad3d47f41224a!2m2!1d-122.6570497!2d49.1039437!3e3",14462
"18497 76 Ave to 20399 Douglas Crescent - Google Maps","https://www.google.com/maps/dir/18497+76+Avenue,+Surrey,+BC+V4N+5V4,+Canada/20399+Douglas+Crescent,+Langley+City,+BC+V3A+8T4/@49.1031474,-122.6596533,16.5z/am=t/data=!4m14!4m13!1m5!1m1!1s0x5485d055de73c4a9:0xc4e940ece06b3673!2m2!1d-122.7097391!2d49.141075!1m5!1m1!1s0x5485cfd28a5bb341:0x2cad3d47f41224a!2m2!1d-122.6570497!2d49.1039437!3e3",14463
"20399 Douglas Crescent to 18497 76 Ave - Google Maps","https://www.google.com/maps/dir/18497+76+Avenue,+Surrey,+BC+V4N+5V4,+Canada/20399+Douglas+Crescent,+Langley+City,+BC+V3A+8T4/@49.1031474,-122.6596533,16.5z/data=!4m14!4m13!1m5!1m1!1s0x5485d055de73c4a9:0xc4e940ece06b3673!2m2!1d-122.7097391!2d49.141075!1m5!1m1!1s0x5485cfd28a5bb341:0x2cad3d47f41224a!2m2!1d-122.6570497!2d49.1039437!3e3",14464
"20399 Douglas Crescent to 18497 76 Ave - Google Maps","https://www.google.com/maps/dir/20399+Douglas+Crescent,+Langley+City,+BC+V3A+8T4/18497+76+Avenue,+Surrey,+BC+V4N+5V4,+Canada/@49.1223756,-122.71122,13z/data=!4m14!4m13!1m5!1m1!1s0x5485cfd28a5bb341:0x2cad3d47f41224a!2m2!1d-122.6570497!2d49.1039437!1m5!1m1!1s0x5485d055de73c4a9:0xc4e940ece06b3673!2m2!1d-122.7097391!2d49.141075!3e3",14465
"20399 Douglas Crescent to 18497 76 Ave - Google Maps","https://www.google.com/maps/dir/20399+Douglas+Crescent,+Langley+City,+BC+V3A+8T4/18497+76+Avenue,+Surrey,+BC+V4N+5V4,+Canada/@49.1223756,-122.7116072,13z/data=!3m1!4b1!4m14!4m13!1m5!1m1!1s0x5485cfd28a5bb341:0x2cad3d47f41224a!2m2!1d-122.6570497!2d49.1039437!1m5!1m1!1s0x5485d055de73c4a9:0xc4e940ece06b3673!2m2!1d-122.7097391!2d49.141075!3e3",14466
"20399 Douglas Crescent to 18497 76 Ave - Google Maps","https://www.google.com/maps/dir/20399+Douglas+Crescent,+Langley+City,+BC+V3A+8T4/18497+76+Avenue,+Surrey,+BC+V4N+5V4,+Canada/@49.1223756,-122.7116072,13z/data=!4m14!4m13!1m5!1m1!1s0x5485cfd28a5bb341:0x2cad3d47f41224a!2m2!1d-122.6570497!2d49.1039437!1m5!1m1!1s0x5485d055de73c4a9:0xc4e940ece06b3673!2m2!1d-122.7097391!2d49.141075!3e3",14467
"6154 Greenside Dr W, Surrey, BC V3S 5M8 to 18497 76 Ave - Google Maps","https://www.google.com/maps/dir/49.1146285,-122.687589/18497+76+Avenue,+Surrey,+BC+V4N+5V4,+Canada/@49.1223756,-122.7116072,13z/data=!4m9!4m8!1m0!1m5!1m1!1s0x5485d055de73c4a9:0xc4e940ece06b3673!2m2!1d-122.7097391!2d49.141075!3e3",14468
"20399 Douglas Crescent to 18497 76 Ave - Google Maps","https://www.google.com/maps/dir/20399+Douglas+Crescent,+Langley+City,+BC+V3A+8T4/18497+76+Avenue,+Surrey,+BC+V4N+5V4,+Canada/@49.1223756,-122.7116072,13z/am=t/data=!4m14!4m13!1m5!1m1!1s0x5485cfd28a5bb341:0x2cad3d47f41224a!2m2!1d-122.6570497!2d49.1039437!1m5!1m1!1s0x5485d055de73c4a9:0xc4e940ece06b3673!2m2!1d-122.7097391!2d49.141075!3e3",14469
"20399 Douglas Crescent to 18497 76 Ave - Google Maps","https://www.google.com/maps/dir/20399+Douglas+Crescent,+Langley+City,+BC+V3A+8T4/18497+76+Avenue,+Surrey,+BC+V4N+5V4,+Canada/@49.1223756,-122.7116072,13z/data=!4m15!4m14!1m5!1m1!1s0x5485cfd28a5bb341:0x2cad3d47f41224a!2m2!1d-122.6570497!2d49.1039437!1m5!1m1!1s0x5485d055de73c4a9:0xc4e940ece06b3673!2m2!1d-122.7097391!2d49.141075!3e3!5i1",14470
"20399 Douglas Crescent to 18497 76 Ave - Google Maps","https://www.google.com/maps/dir/20399+Douglas+Crescent,+Langley+City,+BC+V3A+8T4/18497+76+Avenue,+Surrey,+BC+V4N+5V4,+Canada/@49.1223756,-122.7116072,13z/am=t/data=!4m15!4m14!1m5!1m1!1s0x5485cfd28a5bb341:0x2cad3d47f41224a!2m2!1d-122.6570497!2d49.1039437!1m5!1m1!1s0x5485d055de73c4a9:0xc4e940ece06b3673!2m2!1d-122.7097391!2d49.141075!3e3!5i1",14471
"20399 Douglas Crescent to 18497 76 Ave - Google Maps","https://www.google.com/maps/dir/20399+Douglas+Crescent,+Langley+City,+BC+V3A+8T4/18497+76+Avenue,+Surrey,+BC+V4N+5V4,+Canada/@49.1052965,-122.688433,13z/am=t/data=!4m15!4m14!1m5!1m1!1s0x5485cfd28a5bb341:0x2cad3d47f41224a!2m2!1d-122.6570497!2d49.1039437!1m5!1m1!1s0x5485d055de73c4a9:0xc4e940ece06b3673!2m2!1d-122.7097391!2d49.141075!3e3!5i1",14472
"20399 Douglas Crescent to 18497 76 Ave - Google Maps","https://www.google.com/maps/dir/20399+Douglas+Crescent,+Langley+City,+BC+V3A+8T4/18497+76+Avenue,+Surrey,+BC+V4N+5V4,+Canada/@49.0999545,-122.6668112,14.5z/am=t/data=!4m15!4m14!1m5!1m1!1s0x5485cfd28a5bb341:0x2cad3d47f41224a!2m2!1d-122.6570497!2d49.1039437!1m5!1m1!1s0x5485d055de73c4a9:0xc4e940ece06b3673!2m2!1d-122.7097391!2d49.141075!3e3!5i1",14473
"20399 Douglas Crescent to 18497 76 Ave - Google Maps","https://www.google.com/maps/dir/20399+Douglas+Crescent,+Langley+City,+BC+V3A+8T4/18497+76+Avenue,+Surrey,+BC+V4N+5V4,+Canada/@49.0979846,-122.6590418,16.04z/am=t/data=!4m15!4m14!1m5!1m1!1s0x5485cfd28a5bb341:0x2cad3d47f41224a!2m2!1d-122.6570497!2d49.1039437!1m5!1m1!1s0x5485d055de73c4a9:0xc4e940ece06b3673!2m2!1d-122.7097391!2d49.141075!3e3!5i1",14474
"20399 Douglas Crescent to 18497 76 Ave - Google Maps","https://www.google.com/maps/dir/20399+Douglas+Crescent,+Langley+City,+BC+V3A+8T4/18497+76+Avenue,+Surrey,+BC+V4N+5V4,+Canada/@49.1049455,-122.659292,16.04z/am=t/data=!4m15!4m14!1m5!1m1!1s0x5485cfd28a5bb341:0x2cad3d47f41224a!2m2!1d-122.6570497!2d49.1039437!1m5!1m1!1s0x5485d055de73c4a9:0xc4e940ece06b3673!2m2!1d-122.7097391!2d49.141075!3e3!5i1",14475
"20399 Douglas Crescent to 18497 76 Ave - Google Maps","https://www.google.com/maps/dir/20399+Douglas+Crescent,+Langley+City,+BC+V3A+8T4/18497+76+Avenue,+Surrey,+BC+V4N+5V4,+Canada/@49.103625,-122.6570093,17.04z/am=t/data=!4m15!4m14!1m5!1m1!1s0x5485cfd28a5bb341:0x2cad3d47f41224a!2m2!1d-122.6570497!2d49.1039437!1m5!1m1!1s0x5485d055de73c4a9:0xc4e940ece06b3673!2m2!1d-122.7097391!2d49.141075!3e3!5i1",14476
"20399 Douglas Crescent to 18497 76 Ave - Google Maps","https://www.google.com/maps/dir/20399+Douglas+Crescent,+Langley+City,+BC+V3A+8T4/18497+76+Avenue,+Surrey,+BC+V4N+5V4,+Canada/@49.1058974,-122.6570406,17.04z/am=t/data=!4m15!4m14!1m5!1m1!1s0x5485cfd28a5bb341:0x2cad3d47f41224a!2m2!1d-122.6570497!2d49.1039437!1m5!1m1!1s0x5485d055de73c4a9:0xc4e940ece06b3673!2m2!1d-122.7097391!2d49.141075!3e3!5i1",14477
"20399 Douglas Crescent to 18497 76 Ave - Google Maps","https://www.google.com/maps/dir/20399+Douglas+Crescent,+Langley+City,+BC+V3A+8T4/18497+76+Avenue,+Surrey,+BC+V4N+5V4,+Canada/@49.105795,-122.6629507,17.04z/am=t/data=!4m15!4m14!1m5!1m1!1s0x5485cfd28a5bb341:0x2cad3d47f41224a!2m2!1d-122.6570497!2d49.1039437!1m5!1m1!1s0x5485d055de73c4a9:0xc4e940ece06b3673!2m2!1d-122.7097391!2d49.141075!3e3!5i1",14478
"20399 Douglas Crescent to 18497 76 Ave - Google Maps","https://www.google.com/maps/dir/20399+Douglas+Crescent,+Langley+City,+BC+V3A+8T4/18497+76+Avenue,+Surrey,+BC+V4N+5V4,+Canada/@49.1208888,-122.7050186,17.04z/am=t/data=!4m15!4m14!1m5!1m1!1s0x5485cfd28a5bb341:0x2cad3d47f41224a!2m2!1d-122.6570497!2d49.1039437!1m5!1m1!1s0x5485d055de73c4a9:0xc4e940ece06b3673!2m2!1d-122.7097391!2d49.141075!3e3!5i1",14479
"20399 Douglas Crescent to 18497 76 Ave - Google Maps","https://www.google.com/maps/dir/20399+Douglas+Crescent,+Langley+City,+BC+V3A+8T4/18497+76+Avenue,+Surrey,+BC+V4N+5V4,+Canada/@49.1233721,-122.7095213,16.04z/am=t/data=!4m15!4m14!1m5!1m1!1s0x5485cfd28a5bb341:0x2cad3d47f41224a!2m2!1d-122.6570497!2d49.1039437!1m5!1m1!1s0x5485d055de73c4a9:0xc4e940ece06b3673!2m2!1d-122.7097391!2d49.141075!3e3!5i1",14480
"20399 Douglas Crescent to 18497 76 Ave - Google Maps","https://www.google.com/maps/dir/20399+Douglas+Crescent,+Langley+City,+BC+V3A+8T4/18497+76+Avenue,+Surrey,+BC+V4N+5V4,+Canada/@49.1302076,-122.7219336,14.79z/am=t/data=!4m15!4m14!1m5!1m1!1s0x5485cfd28a5bb341:0x2cad3d47f41224a!2m2!1d-122.6570497!2d49.1039437!1m5!1m1!1s0x5485d055de73c4a9:0xc4e940ece06b3673!2m2!1d-122.7097391!2d49.141075!3e3!5i1",14481
"20399 Douglas Crescent to 18497 76 Ave - Google Maps","https://www.google.com/maps/dir/20399+Douglas+Crescent,+Langley+City,+BC+V3A+8T4/18497+76+Avenue,+Surrey,+BC+V4N+5V4,+Canada/@49.1242734,-122.7111514,15.79z/am=t/data=!4m15!4m14!1m5!1m1!1s0x5485cfd28a5bb341:0x2cad3d47f41224a!2m2!1d-122.6570497!2d49.1039437!1m5!1m1!1s0x5485d055de73c4a9:0xc4e940ece06b3673!2m2!1d-122.7097391!2d49.141075!3e3!5i1",14482
"20399 Douglas Crescent to 18497 76 Ave - Google Maps","https://www.google.com/maps/dir/20399+Douglas+Crescent,+Langley+City,+BC+V3A+8T4/18497+76+Avenue,+Surrey,+BC+V4N+5V4,+Canada/@49.1242734,-122.7111514,15.79z/am=t/data=!4m14!4m13!1m5!1m1!1s0x5485cfd28a5bb341:0x2cad3d47f41224a!2m2!1d-122.6570497!2d49.1039437!1m5!1m1!1s0x5485d055de73c4a9:0xc4e940ece06b3673!2m2!1d-122.7097391!2d49.141075!3e3",14483
"20399 Douglas Crescent to 18497 76 Ave - Google Maps","https://www.google.com/maps/dir/20399+Douglas+Crescent,+Langley+City,+BC+V3A+8T4/18497+76+Avenue,+Surrey,+BC+V4N+5V4,+Canada/@49.1240138,-122.7061436,15.79z/am=t/data=!4m14!4m13!1m5!1m1!1s0x5485cfd28a5bb341:0x2cad3d47f41224a!2m2!1d-122.6570497!2d49.1039437!1m5!1m1!1s0x5485d055de73c4a9:0xc4e940ece06b3673!2m2!1d-122.7097391!2d49.141075!3e3",14484
"20399 Douglas Crescent to 18497 76 Ave - Google Maps","https://www.google.com/maps/dir/20399+Douglas+Crescent,+Langley+City,+BC+V3A+8T4/18497+76+Avenue,+Surrey,+BC+V4N+5V4,+Canada/@49.1245983,-122.7042183,17.04z/am=t/data=!4m14!4m13!1m5!1m1!1s0x5485cfd28a5bb341:0x2cad3d47f41224a!2m2!1d-122.6570497!2d49.1039437!1m5!1m1!1s0x5485d055de73c4a9:0xc4e940ece06b3673!2m2!1d-122.7097391!2d49.141075!3e3",14485
"20399 Douglas Crescent to 18497 76 Ave - Google Maps","https://www.google.com/maps/dir/20399+Douglas+Crescent,+Langley+City,+BC+V3A+8T4/18497+76+Avenue,+Surrey,+BC+V4N+5V4,+Canada/@49.124619,-122.7047253,17.79z/am=t/data=!4m14!4m13!1m5!1m1!1s0x5485cfd28a5bb341:0x2cad3d47f41224a!2m2!1d-122.6570497!2d49.1039437!1m5!1m1!1s0x5485d055de73c4a9:0xc4e940ece06b3673!2m2!1d-122.7097391!2d49.141075!3e3",14486
"20399 Douglas Crescent to 18497 76 Ave - Google Maps","https://www.google.com/maps/dir/20399+Douglas+Crescent,+Langley+City,+BC+V3A+8T4/18497+76+Avenue,+Surrey,+BC+V4N+5V4,+Canada/@49.1246291,-122.7049414,18.29z/am=t/data=!4m14!4m13!1m5!1m1!1s0x5485cfd28a5bb341:0x2cad3d47f41224a!2m2!1d-122.6570497!2d49.1039437!1m5!1m1!1s0x5485d055de73c4a9:0xc4e940ece06b3673!2m2!1d-122.7097391!2d49.141075!3e3",14487
"20399 Douglas Crescent to 18497 76 Ave - Google Maps","https://www.google.com/maps/dir/20399+Douglas+Crescent,+Langley+City,+BC+V3A+8T4/18497+76+Avenue,+Surrey,+BC+V4N+5V4,+Canada/@49.1245574,-122.7042358,18.29z/am=t/data=!4m14!4m13!1m5!1m1!1s0x5485cfd28a5bb341:0x2cad3d47f41224a!2m2!1d-122.6570497!2d49.1039437!1m5!1m1!1s0x5485d055de73c4a9:0xc4e940ece06b3673!2m2!1d-122.7097391!2d49.141075!3e3",14488
"20399 Douglas Crescent to 18497 76 Ave - Google Maps","https://www.google.com/maps/dir/20399+Douglas+Crescent,+Langley+City,+BC+V3A+8T4/18497+76+Avenue,+Surrey,+BC+V4N+5V4,+Canada/@49.1237007,-122.7065683,16.79z/am=t/data=!4m14!4m13!1m5!1m1!1s0x5485cfd28a5bb341:0x2cad3d47f41224a!2m2!1d-122.6570497!2d49.1039437!1m5!1m1!1s0x5485d055de73c4a9:0xc4e940ece06b3673!2m2!1d-122.7097391!2d49.141075!3e3",14489
"20399 Douglas Crescent to 18497 76 Ave - Google Maps","https://www.google.com/maps/dir/20399+Douglas+Crescent,+Langley+City,+BC+V3A+8T4/18497+76+Avenue,+Surrey,+BC+V4N+5V4,+Canada/@49.1212089,-122.7123034,15.29z/am=t/data=!4m14!4m13!1m5!1m1!1s0x5485cfd28a5bb341:0x2cad3d47f41224a!2m2!1d-122.6570497!2d49.1039437!1m5!1m1!1s0x5485d055de73c4a9:0xc4e940ece06b3673!2m2!1d-122.7097391!2d49.141075!3e3",14490
"20399 Douglas Crescent to 18497 76 Ave - Google Maps","https://www.google.com/maps/dir/20399+Douglas+Crescent,+Langley+City,+BC+V3A+8T4/18497+76+Avenue,+Surrey,+BC+V4N+5V4,+Canada/@49.1141396,-122.7285239,13.79z/am=t/data=!4m14!4m13!1m5!1m1!1s0x5485cfd28a5bb341:0x2cad3d47f41224a!2m2!1d-122.6570497!2d49.1039437!1m5!1m1!1s0x5485d055de73c4a9:0xc4e940ece06b3673!2m2!1d-122.7097391!2d49.141075!3e3",14491
"20399 Douglas Crescent to 18497 76 Ave - Google Maps","https://www.google.com/maps/dir/20399+Douglas+Crescent,+Langley+City,+BC+V3A+8T4/18497+76+Avenue,+Surrey,+BC+V4N+5V4,+Canada/@49.1065947,-122.745634,13.04z/am=t/data=!4m14!4m13!1m5!1m1!1s0x5485cfd28a5bb341:0x2cad3d47f41224a!2m2!1d-122.6570497!2d49.1039437!1m5!1m1!1s0x5485d055de73c4a9:0xc4e940ece06b3673!2m2!1d-122.7097391!2d49.141075!3e3",14492
"20399 Douglas Crescent to 18497 76 Ave - Google Maps","https://www.google.com/maps/dir/20399+Douglas+Crescent,+Langley+City,+BC+V3A+8T4/18497+76+Avenue,+Surrey,+BC+V4N+5V4,+Canada/@49.0939045,-122.774415,12.29z/am=t/data=!4m14!4m13!1m5!1m1!1s0x5485cfd28a5bb341:0x2cad3d47f41224a!2m2!1d-122.6570497!2d49.1039437!1m5!1m1!1s0x5485d055de73c4a9:0xc4e940ece06b3673!2m2!1d-122.7097391!2d49.141075!3e3",14493
"20399 Douglas Crescent to 18497 76 Ave - Google Maps","https://www.google.com/maps/dir/20399+Douglas+Crescent,+Langley+City,+BC+V3A+8T4/18497+76+Avenue,+Surrey,+BC+V4N+5V4,+Canada/@49.0507382,-122.8719203,11.04z/am=t/data=!4m14!4m13!1m5!1m1!1s0x5485cfd28a5bb341:0x2cad3d47f41224a!2m2!1d-122.6570497!2d49.1039437!1m5!1m1!1s0x5485d055de73c4a9:0xc4e940ece06b3673!2m2!1d-122.7097391!2d49.141075!3e3",14494
"20399 Douglas Crescent to 18497 76 Ave - Google Maps","https://www.google.com/maps/dir/20399+Douglas+Crescent,+Langley+City,+BC+V3A+8T4/18497+76+Avenue,+Surrey,+BC+V4N+5V4,+Canada/@49.0988724,-122.7631058,12.54z/am=t/data=!4m14!4m13!1m5!1m1!1s0x5485cfd28a5bb341:0x2cad3d47f41224a!2m2!1d-122.6570497!2d49.1039437!1m5!1m1!1s0x5485d055de73c4a9:0xc4e940ece06b3673!2m2!1d-122.7097391!2d49.141075!3e3",14495
"20399 Douglas Crescent to 18497 76 Ave - Google Maps","https://www.google.com/maps/dir/20399+Douglas+Crescent,+Langley+City,+BC+V3A+8T4/18497+76+Avenue,+Surrey,+BC+V4N+5V4,+Canada/@49.1141261,-122.7286443,13.79z/am=t/data=!4m14!4m13!1m5!1m1!1s0x5485cfd28a5bb341:0x2cad3d47f41224a!2m2!1d-122.6570497!2d49.1039437!1m5!1m1!1s0x5485d055de73c4a9:0xc4e940ece06b3673!2m2!1d-122.7097391!2d49.141075!3e3",14496
